text,sentiment
Avoid this item 0,0
Complete garbage item 1,0
Very happy with this item 2,1
Do not buy item 3,0
Complete garbage item 4,0
Complete garbage item 5,0
Great product item 6,1
Complete garbage item 7,0
Great product item 8,1
Poor quality item 9,0
Poor quality item 10,0
Fantastic quality item 11,1
Terrible product item 12,0
Very happy with this item 13,1
Poor quality item 14,0
Very happy with this item 15,1
Do not buy item 16,0
Highly recommend item 17,1
Excellent service item 18,1
Avoid this item 19,0
Fantastic quality item 20,1
Waste of money item 21,0
Highly recommend item 22,1
Amazing experience item 23,1
Avoid this item 24,0
Poor quality item 25,0
Do not buy item 26,0
Excellent service item 27,1
Worst experience item 28,0
Waste of money item 29,0
Amazing experience item 30,1
Worst experience item 31,0
Great product item 32,1
Waste of money item 33,0
Amazing experience item 34,1
Poor quality item 35,0
Excellent service item 36,1
Worst experience item 37,0
Terrible product item 38,0
Fantastic quality item 39,1
Waste of money item 40,0
Excellent service item 41,1
Poor quality item 42,0
Fantastic quality item 43,1
Do not buy item 44,0
Terrible product item 45,0
Excellent service item 46,1
Complete garbage item 47,0
Very disappointed item 48,0
Complete garbage item 49,0
I love this! item 50,1
Amazing experience item 51,1
Terrible product item 52,0
I love this! item 53,1
Amazing experience item 54,1
Do not buy item 55,0
Complete garbage item 56,0
Highly recommend item 57,1
Best purchase ever item 58,1
Best purchase ever item 59,1
Worst experience item 60,0
Fantastic quality item 61,1
Very happy with this item 62,1
Very disappointed item 63,0
Very happy with this item 64,1
Poor quality item 65,0
Do not buy item 66,0
I love this! item 67,1
Complete garbage item 68,0
Fantastic quality item 69,1
Avoid this item 70,0
Fantastic quality item 71,1
Complete garbage item 72,0
Best purchase ever item 73,1
Waste of money item 74,0
Great product item 75,1
Great product item 76,1
Poor quality item 77,0
Worst experience item 78,0
Excellent service item 79,1
Highly recommend item 80,1
Worst experience item 81,0
Terrible product item 82,0
I love this! item 83,1
I love this! item 84,1
Worst experience item 85,0
I love this! item 86,1
Terrible product item 87,0
Poor quality item 88,0
Very disappointed item 89,0
Complete garbage item 90,0
Highly recommend item 91,1
Terrible product item 92,0
Poor quality item 93,0
Waste of money item 94,0
Fantastic quality item 95,1
Terrible product item 96,0
Waste of money item 97,0
Great product item 98,1
Complete garbage item 99,0
Best purchase ever item 100,1
Fantastic quality item 101,1
Complete garbage item 102,0
Very happy with this item 103,1
Best purchase ever item 104,1
Terrible product item 105,0
Excellent service item 106,1
Waste of money item 107,0
Best purchase ever item 108,1
Excellent service item 109,1
Highly recommend item 110,1
Excellent service item 111,1
Poor quality item 112,0
Poor quality item 113,0
Very disappointed item 114,0
Highly recommend item 115,1
Highly recommend item 116,1
Excellent service item 117,1
Waste of money item 118,0
Best purchase ever item 119,1
Terrible product item 120,0
Do not buy item 121,0
Best purchase ever item 122,1
Complete garbage item 123,0
I love this! item 124,1
I love this! item 125,1
Complete garbage item 126,0
Fantastic quality item 127,1
Best purchase ever item 128,1
Terrible product item 129,0
Complete garbage item 130,0
Highly recommend item 131,1
Excellent service item 132,1
Highly recommend item 133,1
Complete garbage item 134,0
Excellent service item 135,1
Best purchase ever item 136,1
Terrible product item 137,0
Fantastic quality item 138,1
Worst experience item 139,0
Great product item 140,1
Avoid this item 141,0
Terrible product item 142,0
Worst experience item 143,0
Poor quality item 144,0
Complete garbage item 145,0
I love this! item 146,1
Complete garbage item 147,0
Very disappointed item 148,0
Great product item 149,1
Worst experience item 150,0
Best purchase ever item 151,1
Best purchase ever item 152,1
Avoid this item 153,0
Highly recommend item 154,1
I love this! item 155,1
Avoid this item 156,0
Poor quality item 157,0
Terrible product item 158,0
Poor quality item 159,0
Fantastic quality item 160,1
Worst experience item 161,0
Terrible product item 162,0
Fantastic quality item 163,1
Avoid this item 164,0
Highly recommend item 165,1
Very happy with this item 166,1
Complete garbage item 167,0
Excellent service item 168,1
Waste of money item 169,0
Very happy with this item 170,1
Best purchase ever item 171,1
Excellent service item 172,1
Do not buy item 173,0
Amazing experience item 174,1
Waste of money item 175,0
I love this! item 176,1
I love this! item 177,1
Excellent service item 178,1
Amazing experience item 179,1
Best purchase ever item 180,1
Complete garbage item 181,0
Amazing experience item 182,1
Poor quality item 183,0
I love this! item 184,1
Worst experience item 185,0
Highly recommend item 186,1
Very happy with this item 187,1
Waste of money item 188,0
Do not buy item 189,0
Terrible product item 190,0
Worst experience item 191,0
Waste of money item 192,0
I love this! item 193,1
Worst experience item 194,0
Very disappointed item 195,0
Terrible product item 196,0
Highly recommend item 197,1
Avoid this item 198,0
Worst experience item 199,0
Poor quality item 200,0
Very disappointed item 201,0
Highly recommend item 202,1
Waste of money item 203,0
Great product item 204,1
Complete garbage item 205,0
Poor quality item 206,0
Amazing experience item 207,1
Avoid this item 208,0
Do not buy item 209,0
Fantastic quality item 210,1
Waste of money item 211,0
Waste of money item 212,0
Worst experience item 213,0
Excellent service item 214,1
I love this! item 215,1
Very happy with this item 216,1
Fantastic quality item 217,1
Very happy with this item 218,1
Waste of money item 219,0
Avoid this item 220,0
Avoid this item 221,0
Avoid this item 222,0
Worst experience item 223,0
Highly recommend item 224,1
Complete garbage item 225,0
Complete garbage item 226,0
Highly recommend item 227,1
Worst experience item 228,0
Amazing experience item 229,1
Fantastic quality item 230,1
Highly recommend item 231,1
Waste of money item 232,0
Excellent service item 233,1
Fantastic quality item 234,1
Excellent service item 235,1
Do not buy item 236,0
Highly recommend item 237,1
Best purchase ever item 238,1
Highly recommend item 239,1
Poor quality item 240,0
Avoid this item 241,0
Fantastic quality item 242,1
I love this! item 243,1
Amazing experience item 244,1
Avoid this item 245,0
Do not buy item 246,0
Avoid this item 247,0
Very disappointed item 248,0
Waste of money item 249,0
Waste of money item 250,0
Great product item 251,1
I love this! item 252,1
Waste of money item 253,0
Fantastic quality item 254,1
Excellent service item 255,1
Fantastic quality item 256,1
Highly recommend item 257,1
Terrible product item 258,0
Best purchase ever item 259,1
Excellent service item 260,1
Terrible product item 261,0
Excellent service item 262,1
Excellent service item 263,1
I love this! item 264,1
Very happy with this item 265,1
I love this! item 266,1
Terrible product item 267,0
Excellent service item 268,1
Avoid this item 269,0
I love this! item 270,1
Avoid this item 271,0
Highly recommend item 272,1
Poor quality item 273,0
Excellent service item 274,1
Waste of money item 275,0
Fantastic quality item 276,1
Poor quality item 277,0
Very disappointed item 278,0
Avoid this item 279,0
I love this! item 280,1
Avoid this item 281,0
Do not buy item 282,0
Amazing experience item 283,1
Do not buy item 284,0
Best purchase ever item 285,1
Poor quality item 286,0
Amazing experience item 287,1
Fantastic quality item 288,1
Great product item 289,1
Amazing experience item 290,1
Very disappointed item 291,0
Fantastic quality item 292,1
Great product item 293,1
Excellent service item 294,1
Great product item 295,1
Very happy with this item 296,1
Fantastic quality item 297,1
Great product item 298,1
Best purchase ever item 299,1
Great product item 300,1
Amazing experience item 301,1
Very happy with this item 302,1
Avoid this item 303,0
Poor quality item 304,0
Highly recommend item 305,1
Avoid this item 306,0
Very happy with this item 307,1
Fantastic quality item 308,1
Terrible product item 309,0
Terrible product item 310,0
Terrible product item 311,0
Worst experience item 312,0
Fantastic quality item 313,1
Fantastic quality item 314,1
Complete garbage item 315,0
Best purchase ever item 316,1
Highly recommend item 317,1
Highly recommend item 318,1
Do not buy item 319,0
Great product item 320,1
Terrible product item 321,0
Great product item 322,1
Do not buy item 323,0
Poor quality item 324,0
Excellent service item 325,1
Highly recommend item 326,1
Avoid this item 327,0
Poor quality item 328,0
Excellent service item 329,1
Waste of money item 330,0
Avoid this item 331,0
Excellent service item 332,1
Do not buy item 333,0
I love this! item 334,1
Avoid this item 335,0
Fantastic quality item 336,1
Very disappointed item 337,0
Amazing experience item 338,1
Avoid this item 339,0
Amazing experience item 340,1
Worst experience item 341,0
Fantastic quality item 342,1
Complete garbage item 343,0
Terrible product item 344,0
Do not buy item 345,0
Avoid this item 346,0
I love this! item 347,1
Best purchase ever item 348,1
I love this! item 349,1
Very disappointed item 350,0
Avoid this item 351,0
Worst experience item 352,0
Fantastic quality item 353,1
Great product item 354,1
Very happy with this item 355,1
Fantastic quality item 356,1
Best purchase ever item 357,1
Worst experience item 358,0
Terrible product item 359,0
Fantastic quality item 360,1
Terrible product item 361,0
Excellent service item 362,1
Do not buy item 363,0
Waste of money item 364,0
Worst experience item 365,0
Best purchase ever item 366,1
Terrible product item 367,0
Fantastic quality item 368,1
Very disappointed item 369,0
Complete garbage item 370,0
Do not buy item 371,0
Fantastic quality item 372,1
Best purchase ever item 373,1
Worst experience item 374,0
Amazing experience item 375,1
Waste of money item 376,0
Very happy with this item 377,1
Do not buy item 378,0
I love this! item 379,1
Excellent service item 380,1
Great product item 381,1
Best purchase ever item 382,1
Fantastic quality item 383,1
Complete garbage item 384,0
I love this! item 385,1
Complete garbage item 386,0
Worst experience item 387,0
Avoid this item 388,0
Very disappointed item 389,0
Very disappointed item 390,0
Very happy with this item 391,1
Do not buy item 392,0
Complete garbage item 393,0
Excellent service item 394,1
I love this! item 395,1
Best purchase ever item 396,1
Excellent service item 397,1
Waste of money item 398,0
Avoid this item 399,0
Poor quality item 400,0
Worst experience item 401,0
Terrible product item 402,0
Highly recommend item 403,1
Waste of money item 404,0
Waste of money item 405,0
I love this! item 406,1
Do not buy item 407,0
Very happy with this item 408,1
Best purchase ever item 409,1
Fantastic quality item 410,1
Poor quality item 411,0
I love this! item 412,1
Highly recommend item 413,1
Do not buy item 414,0
Great product item 415,1
Very happy with this item 416,1
Amazing experience item 417,1
Great product item 418,1
Very disappointed item 419,0
Very happy with this item 420,1
Best purchase ever item 421,1
Fantastic quality item 422,1
Great product item 423,1
Very happy with this item 424,1
Do not buy item 425,0
Waste of money item 426,0
I love this! item 427,1
Waste of money item 428,0
I love this! item 429,1
Highly recommend item 430,1
Waste of money item 431,0
Fantastic quality item 432,1
Poor quality item 433,0
Amazing experience item 434,1
Excellent service item 435,1
Very disappointed item 436,0
Avoid this item 437,0
Waste of money item 438,0
Best purchase ever item 439,1
Avoid this item 440,0
Terrible product item 441,0
Worst experience item 442,0
Worst experience item 443,0
Poor quality item 444,0
Great product item 445,1
Do not buy item 446,0
Terrible product item 447,0
Very disappointed item 448,0
Avoid this item 449,0
Very happy with this item 450,1
Highly recommend item 451,1
Highly recommend item 452,1
Worst experience item 453,0
Complete garbage item 454,0
Great product item 455,1
Very happy with this item 456,1
Amazing experience item 457,1
Poor quality item 458,0
Waste of money item 459,0
Very disappointed item 460,0
Poor quality item 461,0
Do not buy item 462,0
Great product item 463,1
Avoid this item 464,0
Very happy with this item 465,1
Very disappointed item 466,0
Great product item 467,1
Waste of money item 468,0
Amazing experience item 469,1
Fantastic quality item 470,1
Highly recommend item 471,1
Avoid this item 472,0
Terrible product item 473,0
Excellent service item 474,1
Best purchase ever item 475,1
Terrible product item 476,0
Highly recommend item 477,1
Great product item 478,1
Best purchase ever item 479,1
Highly recommend item 480,1
Terrible product item 481,0
Great product item 482,1
Avoid this item 483,0
Terrible product item 484,0
Highly recommend item 485,1
Avoid this item 486,0
Very disappointed item 487,0
Amazing experience item 488,1
I love this! item 489,1
I love this! item 490,1
Excellent service item 491,1
Worst experience item 492,0
Fantastic quality item 493,1
Do not buy item 494,0
Terrible product item 495,0
Terrible product item 496,0
Waste of money item 497,0
Excellent service item 498,1
Do not buy item 499,0
Worst experience item 500,0
Very disappointed item 501,0
Complete garbage item 502,0
Do not buy item 503,0
Highly recommend item 504,1
Best purchase ever item 505,1
Great product item 506,1
Fantastic quality item 507,1
Do not buy item 508,0
Poor quality item 509,0
Amazing experience item 510,1
Waste of money item 511,0
Worst experience item 512,0
Very happy with this item 513,1
Excellent service item 514,1
Very happy with this item 515,1
Fantastic quality item 516,1
Poor quality item 517,0
Amazing experience item 518,1
Very disappointed item 519,0
Highly recommend item 520,1
Best purchase ever item 521,1
Very disappointed item 522,0
Excellent service item 523,1
Excellent service item 524,1
Waste of money item 525,0
Highly recommend item 526,1
Excellent service item 527,1
I love this! item 528,1
Complete garbage item 529,0
Highly recommend item 530,1
Complete garbage item 531,0
Excellent service item 532,1
Do not buy item 533,0
Poor quality item 534,0
Terrible product item 535,0
Avoid this item 536,0
Terrible product item 537,0
Very happy with this item 538,1
Avoid this item 539,0
Great product item 540,1
Do not buy item 541,0
Very happy with this item 542,1
Very disappointed item 543,0
Fantastic quality item 544,1
Avoid this item 545,0
Poor quality item 546,0
Amazing experience item 547,1
Do not buy item 548,0
Waste of money item 549,0
Amazing experience item 550,1
Very disappointed item 551,0
I love this! item 552,1
Best purchase ever item 553,1
Very disappointed item 554,0
Terrible product item 555,0
Worst experience item 556,0
Terrible product item 557,0
Do not buy item 558,0
Waste of money item 559,0
Avoid this item 560,0
I love this! item 561,1
I love this! item 562,1
Great product item 563,1
Avoid this item 564,0
Do not buy item 565,0
Fantastic quality item 566,1
Very disappointed item 567,0
Very disappointed item 568,0
Worst experience item 569,0
Avoid this item 570,0
Complete garbage item 571,0
Amazing experience item 572,1
Very disappointed item 573,0
Waste of money item 574,0
I love this! item 575,1
Worst experience item 576,0
Highly recommend item 577,1
Avoid this item 578,0
Very disappointed item 579,0
Waste of money item 580,0
Amazing experience item 581,1
Do not buy item 582,0
Excellent service item 583,1
Fantastic quality item 584,1
Terrible product item 585,0
Complete garbage item 586,0
Do not buy item 587,0
Worst experience item 588,0
Avoid this item 589,0
Terrible product item 590,0
Excellent service item 591,1
Complete garbage item 592,0
Excellent service item 593,1
Best purchase ever item 594,1
Highly recommend item 595,1
Fantastic quality item 596,1
Do not buy item 597,0
Very happy with this item 598,1
I love this! item 599,1
Very disappointed item 600,0
Very disappointed item 601,0
Highly recommend item 602,1
I love this! item 603,1
Highly recommend item 604,1
Do not buy item 605,0
Do not buy item 606,0
Poor quality item 607,0
Great product item 608,1
I love this! item 609,1
Poor quality item 610,0
Waste of money item 611,0
Excellent service item 612,1
Worst experience item 613,0
Worst experience item 614,0
Complete garbage item 615,0
Very disappointed item 616,0
I love this! item 617,1
Fantastic quality item 618,1
Terrible product item 619,0
Very disappointed item 620,0
Waste of money item 621,0
Fantastic quality item 622,1
Fantastic quality item 623,1
Waste of money item 624,0
Amazing experience item 625,1
Great product item 626,1
Avoid this item 627,0
Amazing experience item 628,1
Fantastic quality item 629,1
Avoid this item 630,0
Do not buy item 631,0
Excellent service item 632,1
Avoid this item 633,0
Very happy with this item 634,1
I love this! item 635,1
Poor quality item 636,0
Great product item 637,1
Poor quality item 638,0
I love this! item 639,1
Poor quality item 640,0
Fantastic quality item 641,1
Complete garbage item 642,0
Poor quality item 643,0
Very happy with this item 644,1
Great product item 645,1
Do not buy item 646,0
Great product item 647,1
I love this! item 648,1
Do not buy item 649,0
Very disappointed item 650,0
I love this! item 651,1
Avoid this item 652,0
Terrible product item 653,0
Fantastic quality item 654,1
Complete garbage item 655,0
I love this! item 656,1
Excellent service item 657,1
Do not buy item 658,0
Waste of money item 659,0
Highly recommend item 660,1
Great product item 661,1
Best purchase ever item 662,1
Very disappointed item 663,0
Fantastic quality item 664,1
I love this! item 665,1
Do not buy item 666,0
Complete garbage item 667,0
Excellent service item 668,1
I love this! item 669,1
Great product item 670,1
Excellent service item 671,1
Terrible product item 672,0
Best purchase ever item 673,1
Fantastic quality item 674,1
Excellent service item 675,1
Very happy with this item 676,1
Amazing experience item 677,1
Amazing experience item 678,1
Do not buy item 679,0
I love this! item 680,1
Complete garbage item 681,0
Very happy with this item 682,1
Very happy with this item 683,1
Very happy with this item 684,1
Very disappointed item 685,0
I love this! item 686,1
Excellent service item 687,1
Poor quality item 688,0
Very disappointed item 689,0
Excellent service item 690,1
Do not buy item 691,0
Do not buy item 692,0
Highly recommend item 693,1
I love this! item 694,1
I love this! item 695,1
Amazing experience item 696,1
Amazing experience item 697,1
Waste of money item 698,0
Best purchase ever item 699,1
Fantastic quality item 700,1
Complete garbage item 701,0
Very happy with this item 702,1
Avoid this item 703,0
Fantastic quality item 704,1
Poor quality item 705,0
Excellent service item 706,1
Terrible product item 707,0
I love this! item 708,1
Poor quality item 709,0
Great product item 710,1
Avoid this item 711,0
Worst experience item 712,0
Amazing experience item 713,1
Terrible product item 714,0
Avoid this item 715,0
I love this! item 716,1
Terrible product item 717,0
Highly recommend item 718,1
Fantastic quality item 719,1
Best purchase ever item 720,1
Very happy with this item 721,1
Great product item 722,1
Great product item 723,1
I love this! item 724,1
Highly recommend item 725,1
Poor quality item 726,0
Great product item 727,1
Fantastic quality item 728,1
Very disappointed item 729,0
Waste of money item 730,0
Waste of money item 731,0
Great product item 732,1
Great product item 733,1
I love this! item 734,1
Highly recommend item 735,1
Fantastic quality item 736,1
Very disappointed item 737,0
Great product item 738,1
Best purchase ever item 739,1
Great product item 740,1
Fantastic quality item 741,1
I love this! item 742,1
Fantastic quality item 743,1
Terrible product item 744,0
Very disappointed item 745,0
Terrible product item 746,0
Waste of money item 747,0
I love this! item 748,1
Terrible product item 749,0
Best purchase ever item 750,1
Poor quality item 751,0
Complete garbage item 752,0
Excellent service item 753,1
Worst experience item 754,0
Excellent service item 755,1
Fantastic quality item 756,1
Amazing experience item 757,1
Complete garbage item 758,0
Best purchase ever item 759,1
Excellent service item 760,1
Excellent service item 761,1
Fantastic quality item 762,1
Excellent service item 763,1
Excellent service item 764,1
Very disappointed item 765,0
I love this! item 766,1
Avoid this item 767,0
Amazing experience item 768,1
Very disappointed item 769,0
Very happy with this item 770,1
Fantastic quality item 771,1
Best purchase ever item 772,1
Amazing experience item 773,1
Very disappointed item 774,0
Do not buy item 775,0
Poor quality item 776,0
Fantastic quality item 777,1
Very happy with this item 778,1
Avoid this item 779,0
I love this! item 780,1
Excellent service item 781,1
Poor quality item 782,0
Avoid this item 783,0
Great product item 784,1
Do not buy item 785,0
Excellent service item 786,1
Highly recommend item 787,1
Great product item 788,1
Great product item 789,1
Excellent service item 790,1
Highly recommend item 791,1
Terrible product item 792,0
I love this! item 793,1
I love this! item 794,1
Complete garbage item 795,0
Waste of money item 796,0
Very happy with this item 797,1
Highly recommend item 798,1
Highly recommend item 799,1
Very happy with this item 800,1
Terrible product item 801,0
Do not buy item 802,0
Best purchase ever item 803,1
Amazing experience item 804,1
Waste of money item 805,0
I love this! item 806,1
Terrible product item 807,0
Do not buy item 808,0
Best purchase ever item 809,1
Waste of money item 810,0
Highly recommend item 811,1
Best purchase ever item 812,1
Great product item 813,1
Poor quality item 814,0
Very happy with this item 815,1
Very disappointed item 816,0
Best purchase ever item 817,1
Very disappointed item 818,0
Waste of money item 819,0
Very happy with this item 820,1
Best purchase ever item 821,1
Terrible product item 822,0
Amazing experience item 823,1
Excellent service item 824,1
Highly recommend item 825,1
Terrible product item 826,0
Complete garbage item 827,0
Great product item 828,1
Very happy with this item 829,1
Excellent service item 830,1
Complete garbage item 831,0
Best purchase ever item 832,1
Do not buy item 833,0
Worst experience item 834,0
Great product item 835,1
Highly recommend item 836,1
Excellent service item 837,1
Do not buy item 838,0
Fantastic quality item 839,1
Complete garbage item 840,0
Complete garbage item 841,0
Complete garbage item 842,0
Worst experience item 843,0
Worst experience item 844,0
Great product item 845,1
Avoid this item 846,0
Highly recommend item 847,1
Excellent service item 848,1
Best purchase ever item 849,1
Terrible product item 850,0
Worst experience item 851,0
Complete garbage item 852,0
Poor quality item 853,0
Amazing experience item 854,1
Amazing experience item 855,1
Waste of money item 856,0
I love this! item 857,1
Terrible product item 858,0
Amazing experience item 859,1
Waste of money item 860,0
Amazing experience item 861,1
Amazing experience item 862,1
Amazing experience item 863,1
Terrible product item 864,0
Fantastic quality item 865,1
Great product item 866,1
I love this! item 867,1
Complete garbage item 868,0
Poor quality item 869,0
Amazing experience item 870,1
Highly recommend item 871,1
Very disappointed item 872,0
Very disappointed item 873,0
Highly recommend item 874,1
Great product item 875,1
Very disappointed item 876,0
Poor quality item 877,0
Best purchase ever item 878,1
Highly recommend item 879,1
Avoid this item 880,0
Very disappointed item 881,0
Do not buy item 882,0
Avoid this item 883,0
Do not buy item 884,0
Complete garbage item 885,0
Waste of money item 886,0
Very disappointed item 887,0
Complete garbage item 888,0
Best purchase ever item 889,1
Amazing experience item 890,1
Avoid this item 891,0
Do not buy item 892,0
Do not buy item 893,0
Worst experience item 894,0
Amazing experience item 895,1
Highly recommend item 896,1
Highly recommend item 897,1
Poor quality item 898,0
Amazing experience item 899,1
Excellent service item 900,1
Amazing experience item 901,1
Excellent service item 902,1
Very happy with this item 903,1
Great product item 904,1
Best purchase ever item 905,1
Great product item 906,1
Very disappointed item 907,0
Excellent service item 908,1
I love this! item 909,1
Complete garbage item 910,0
Worst experience item 911,0
Poor quality item 912,0
Waste of money item 913,0
Avoid this item 914,0
Terrible product item 915,0
Poor quality item 916,0
Worst experience item 917,0
I love this! item 918,1
Very happy with this item 919,1
Very disappointed item 920,0
Poor quality item 921,0
Avoid this item 922,0
Terrible product item 923,0
Excellent service item 924,1
Do not buy item 925,0
Very disappointed item 926,0
Great product item 927,1
Waste of money item 928,0
Poor quality item 929,0
I love this! item 930,1
Complete garbage item 931,0
I love this! item 932,1
Worst experience item 933,0
Terrible product item 934,0
Very happy with this item 935,1
Fantastic quality item 936,1
Excellent service item 937,1
Highly recommend item 938,1
Great product item 939,1
Avoid this item 940,0
Worst experience item 941,0
Do not buy item 942,0
Waste of money item 943,0
Do not buy item 944,0
Avoid this item 945,0
Fantastic quality item 946,1
Very disappointed item 947,0
Waste of money item 948,0
Waste of money item 949,0
Best purchase ever item 950,1
Terrible product item 951,0
I love this! item 952,1
Excellent service item 953,1
Amazing experience item 954,1
Worst experience item 955,0
Complete garbage item 956,0
Poor quality item 957,0
Amazing experience item 958,1
Excellent service item 959,1
I love this! item 960,1
Fantastic quality item 961,1
Avoid this item 962,0
Very happy with this item 963,1
Very happy with this item 964,1
Best purchase ever item 965,1
Amazing experience item 966,1
Waste of money item 967,0
Excellent service item 968,1
Best purchase ever item 969,1
Great product item 970,1
I love this! item 971,1
Complete garbage item 972,0
Excellent service item 973,1
Amazing experience item 974,1
Waste of money item 975,0
Great product item 976,1
Terrible product item 977,0
Complete garbage item 978,0
Fantastic quality item 979,1
I love this! item 980,1
Waste of money item 981,0
Worst experience item 982,0
Best purchase ever item 983,1
Amazing experience item 984,1
Very happy with this item 985,1
Very disappointed item 986,0
Worst experience item 987,0
I love this! item 988,1
Terrible product item 989,0
Do not buy item 990,0
Best purchase ever item 991,1
Terrible product item 992,0
Excellent service item 993,1
Poor quality item 994,0
Very disappointed item 995,0
Great product item 996,1
Amazing experience item 997,1
Very disappointed item 998,0
Excellent service item 999,1
Great product item 1000,1
Fantastic quality item 1001,1
Poor quality item 1002,0
Complete garbage item 1003,0
Highly recommend item 1004,1
Very disappointed item 1005,0
Great product item 1006,1
Highly recommend item 1007,1
Fantastic quality item 1008,1
Best purchase ever item 1009,1
Do not buy item 1010,0
Do not buy item 1011,0
Very disappointed item 1012,0
Poor quality item 1013,0
Great product item 1014,1
Worst experience item 1015,0
Complete garbage item 1016,0
Great product item 1017,1
Do not buy item 1018,0
Excellent service item 1019,1
Poor quality item 1020,0
Amazing experience item 1021,1
Poor quality item 1022,0
Great product item 1023,1
Do not buy item 1024,0
Very happy with this item 1025,1
Very happy with this item 1026,1
Terrible product item 1027,0
Amazing experience item 1028,1
Highly recommend item 1029,1
Do not buy item 1030,0
Highly recommend item 1031,1
Waste of money item 1032,0
Avoid this item 1033,0
Great product item 1034,1
Highly recommend item 1035,1
Terrible product item 1036,0
Excellent service item 1037,1
Avoid this item 1038,0
Excellent service item 1039,1
Waste of money item 1040,0
Poor quality item 1041,0
Very disappointed item 1042,0
Very happy with this item 1043,1
Amazing experience item 1044,1
Amazing experience item 1045,1
Waste of money item 1046,0
Terrible product item 1047,0
Amazing experience item 1048,1
Avoid this item 1049,0
Complete garbage item 1050,0
Very disappointed item 1051,0
Excellent service item 1052,1
I love this! item 1053,1
Avoid this item 1054,0
Terrible product item 1055,0
Best purchase ever item 1056,1
Amazing experience item 1057,1
Worst experience item 1058,0
Terrible product item 1059,0
Very happy with this item 1060,1
Worst experience item 1061,0
Waste of money item 1062,0
Complete garbage item 1063,0
Worst experience item 1064,0
Avoid this item 1065,0
Best purchase ever item 1066,1
Terrible product item 1067,0
Terrible product item 1068,0
Fantastic quality item 1069,1
Amazing experience item 1070,1
Highly recommend item 1071,1
Avoid this item 1072,0
Complete garbage item 1073,0
Great product item 1074,1
Waste of money item 1075,0
Worst experience item 1076,0
Poor quality item 1077,0
I love this! item 1078,1
Very happy with this item 1079,1
Complete garbage item 1080,0
Amazing experience item 1081,1
Fantastic quality item 1082,1
Very happy with this item 1083,1
Complete garbage item 1084,0
Worst experience item 1085,0
Complete garbage item 1086,0
Complete garbage item 1087,0
Highly recommend item 1088,1
Worst experience item 1089,0
Poor quality item 1090,0
Great product item 1091,1
Excellent service item 1092,1
I love this! item 1093,1
Fantastic quality item 1094,1
Worst experience item 1095,0
Do not buy item 1096,0
Fantastic quality item 1097,1
Great product item 1098,1
Avoid this item 1099,0
Terrible product item 1100,0
Avoid this item 1101,0
Avoid this item 1102,0
Terrible product item 1103,0
Best purchase ever item 1104,1
Great product item 1105,1
Poor quality item 1106,0
Great product item 1107,1
Best purchase ever item 1108,1
Highly recommend item 1109,1
Amazing experience item 1110,1
I love this! item 1111,1
Waste of money item 1112,0
Great product item 1113,1
Great product item 1114,1
Best purchase ever item 1115,1
Highly recommend item 1116,1
Very happy with this item 1117,1
Waste of money item 1118,0
Very disappointed item 1119,0
Poor quality item 1120,0
Amazing experience item 1121,1
I love this! item 1122,1
Terrible product item 1123,0
Great product item 1124,1
Complete garbage item 1125,0
Fantastic quality item 1126,1
Very disappointed item 1127,0
Terrible product item 1128,0
Amazing experience item 1129,1
Waste of money item 1130,0
Very happy with this item 1131,1
Highly recommend item 1132,1
Excellent service item 1133,1
Avoid this item 1134,0
Highly recommend item 1135,1
Poor quality item 1136,0
Excellent service item 1137,1
Worst experience item 1138,0
Very happy with this item 1139,1
Very disappointed item 1140,0
Amazing experience item 1141,1
Waste of money item 1142,0
Waste of money item 1143,0
Complete garbage item 1144,0
Do not buy item 1145,0
Very disappointed item 1146,0
Poor quality item 1147,0
Very disappointed item 1148,0
Complete garbage item 1149,0
Poor quality item 1150,0
Excellent service item 1151,1
Very happy with this item 1152,1
Avoid this item 1153,0
Highly recommend item 1154,1
Amazing experience item 1155,1
Poor quality item 1156,0
Complete garbage item 1157,0
Do not buy item 1158,0
Great product item 1159,1
Fantastic quality item 1160,1
Avoid this item 1161,0
Waste of money item 1162,0
Avoid this item 1163,0
Do not buy item 1164,0
Very happy with this item 1165,1
Do not buy item 1166,0
Fantastic quality item 1167,1
Waste of money item 1168,0
Fantastic quality item 1169,1
Fantastic quality item 1170,1
Terrible product item 1171,0
Poor quality item 1172,0
Fantastic quality item 1173,1
Very happy with this item 1174,1
Worst experience item 1175,0
Poor quality item 1176,0
Waste of money item 1177,0
Terrible product item 1178,0
Fantastic quality item 1179,1
Avoid this item 1180,0
I love this! item 1181,1
I love this! item 1182,1
I love this! item 1183,1
Highly recommend item 1184,1
Terrible product item 1185,0
Amazing experience item 1186,1
Complete garbage item 1187,0
Very disappointed item 1188,0
Complete garbage item 1189,0
Excellent service item 1190,1
Terrible product item 1191,0
Complete garbage item 1192,0
Fantastic quality item 1193,1
I love this! item 1194,1
Complete garbage item 1195,0
Terrible product item 1196,0
I love this! item 1197,1
Complete garbage item 1198,0
Terrible product item 1199,0
Fantastic quality item 1200,1
Do not buy item 1201,0
Very disappointed item 1202,0
Best purchase ever item 1203,1
Highly recommend item 1204,1
Waste of money item 1205,0
Worst experience item 1206,0
Excellent service item 1207,1
Worst experience item 1208,0
Complete garbage item 1209,0
Very happy with this item 1210,1
Excellent service item 1211,1
Amazing experience item 1212,1
Best purchase ever item 1213,1
Worst experience item 1214,0
Terrible product item 1215,0
Amazing experience item 1216,1
Do not buy item 1217,0
Fantastic quality item 1218,1
Very disappointed item 1219,0
Great product item 1220,1
Complete garbage item 1221,0
Excellent service item 1222,1
Amazing experience item 1223,1
Do not buy item 1224,0
Waste of money item 1225,0
Terrible product item 1226,0
Worst experience item 1227,0
Terrible product item 1228,0
Poor quality item 1229,0
Avoid this item 1230,0
Best purchase ever item 1231,1
Excellent service item 1232,1
Amazing experience item 1233,1
Very happy with this item 1234,1
Highly recommend item 1235,1
Amazing experience item 1236,1
Great product item 1237,1
Complete garbage item 1238,0
Great product item 1239,1
Highly recommend item 1240,1
Complete garbage item 1241,0
Best purchase ever item 1242,1
Poor quality item 1243,0
Waste of money item 1244,0
Avoid this item 1245,0
Best purchase ever item 1246,1
Very happy with this item 1247,1
Excellent service item 1248,1
Worst experience item 1249,0
Fantastic quality item 1250,1
Best purchase ever item 1251,1
Very disappointed item 1252,0
Worst experience item 1253,0
Very happy with this item 1254,1
Fantastic quality item 1255,1
Waste of money item 1256,0
Excellent service item 1257,1
Avoid this item 1258,0
Highly recommend item 1259,1
Complete garbage item 1260,0
Amazing experience item 1261,1
Waste of money item 1262,0
Great product item 1263,1
Best purchase ever item 1264,1
Excellent service item 1265,1
Highly recommend item 1266,1
Amazing experience item 1267,1
Great product item 1268,1
Great product item 1269,1
Waste of money item 1270,0
Highly recommend item 1271,1
Very disappointed item 1272,0
Great product item 1273,1
Fantastic quality item 1274,1
Do not buy item 1275,0
Poor quality item 1276,0
Great product item 1277,1
Fantastic quality item 1278,1
Great product item 1279,1
Fantastic quality item 1280,1
Worst experience item 1281,0
Terrible product item 1282,0
Terrible product item 1283,0
Highly recommend item 1284,1
Best purchase ever item 1285,1
Complete garbage item 1286,0
Poor quality item 1287,0
Great product item 1288,1
Worst experience item 1289,0
Very happy with this item 1290,1
Very disappointed item 1291,0
Worst experience item 1292,0
Complete garbage item 1293,0
Worst experience item 1294,0
Fantastic quality item 1295,1
Excellent service item 1296,1
Fantastic quality item 1297,1
Do not buy item 1298,0
I love this! item 1299,1
Poor quality item 1300,0
Poor quality item 1301,0
Best purchase ever item 1302,1
Great product item 1303,1
I love this! item 1304,1
Highly recommend item 1305,1
Best purchase ever item 1306,1
Very happy with this item 1307,1
Best purchase ever item 1308,1
Amazing experience item 1309,1
I love this! item 1310,1
Amazing experience item 1311,1
Avoid this item 1312,0
Great product item 1313,1
Fantastic quality item 1314,1
Best purchase ever item 1315,1
Avoid this item 1316,0
Very disappointed item 1317,0
Very disappointed item 1318,0
Complete garbage item 1319,0
Terrible product item 1320,0
Complete garbage item 1321,0
Worst experience item 1322,0
Great product item 1323,1
Amazing experience item 1324,1
Excellent service item 1325,1
Great product item 1326,1
Worst experience item 1327,0
Highly recommend item 1328,1
Poor quality item 1329,0
Highly recommend item 1330,1
Complete garbage item 1331,0
Worst experience item 1332,0
Do not buy item 1333,0
Poor quality item 1334,0
Amazing experience item 1335,1
Worst experience item 1336,0
Terrible product item 1337,0
Highly recommend item 1338,1
Poor quality item 1339,0
Poor quality item 1340,0
Best purchase ever item 1341,1
Poor quality item 1342,0
Very disappointed item 1343,0
Do not buy item 1344,0
Complete garbage item 1345,0
Highly recommend item 1346,1
Complete garbage item 1347,0
Amazing experience item 1348,1
Excellent service item 1349,1
Terrible product item 1350,0
Avoid this item 1351,0
Very disappointed item 1352,0
Fantastic quality item 1353,1
Best purchase ever item 1354,1
Avoid this item 1355,0
I love this! item 1356,1
Terrible product item 1357,0
Poor quality item 1358,0
Terrible product item 1359,0
Very happy with this item 1360,1
Excellent service item 1361,1
Waste of money item 1362,0
Very disappointed item 1363,0
Worst experience item 1364,0
Amazing experience item 1365,1
Worst experience item 1366,0
Amazing experience item 1367,1
Waste of money item 1368,0
I love this! item 1369,1
Amazing experience item 1370,1
Best purchase ever item 1371,1
Great product item 1372,1
Do not buy item 1373,0
Highly recommend item 1374,1
Very disappointed item 1375,0
Do not buy item 1376,0
Complete garbage item 1377,0
Poor quality item 1378,0
Highly recommend item 1379,1
Great product item 1380,1
Complete garbage item 1381,0
Great product item 1382,1
Worst experience item 1383,0
Terrible product item 1384,0
Highly recommend item 1385,1
Very happy with this item 1386,1
Excellent service item 1387,1
Complete garbage item 1388,0
Waste of money item 1389,0
Worst experience item 1390,0
Do not buy item 1391,0
Amazing experience item 1392,1
Avoid this item 1393,0
Excellent service item 1394,1
Complete garbage item 1395,0
Poor quality item 1396,0
Fantastic quality item 1397,1
Very happy with this item 1398,1
Very happy with this item 1399,1
Excellent service item 1400,1
Highly recommend item 1401,1
Highly recommend item 1402,1
Complete garbage item 1403,0
Best purchase ever item 1404,1
Best purchase ever item 1405,1
I love this! item 1406,1
Very happy with this item 1407,1
Avoid this item 1408,0
Excellent service item 1409,1
Poor quality item 1410,0
Great product item 1411,1
Complete garbage item 1412,0
Very disappointed item 1413,0
Excellent service item 1414,1
Fantastic quality item 1415,1
Fantastic quality item 1416,1
Amazing experience item 1417,1
Worst experience item 1418,0
Best purchase ever item 1419,1
Very disappointed item 1420,0
Best purchase ever item 1421,1
I love this! item 1422,1
Amazing experience item 1423,1
Avoid this item 1424,0
Highly recommend item 1425,1
Highly recommend item 1426,1
Great product item 1427,1
Highly recommend item 1428,1
Amazing experience item 1429,1
Highly recommend item 1430,1
Complete garbage item 1431,0
Very disappointed item 1432,0
Great product item 1433,1
Avoid this item 1434,0
Waste of money item 1435,0
Avoid this item 1436,0
Waste of money item 1437,0
Do not buy item 1438,0
Very disappointed item 1439,0
Excellent service item 1440,1
I love this! item 1441,1
Best purchase ever item 1442,1
Best purchase ever item 1443,1
Highly recommend item 1444,1
Amazing experience item 1445,1
Complete garbage item 1446,0
Do not buy item 1447,0
Terrible product item 1448,0
I love this! item 1449,1
Very happy with this item 1450,1
Very disappointed item 1451,0
I love this! item 1452,1
Do not buy item 1453,0
Very disappointed item 1454,0
Fantastic quality item 1455,1
Great product item 1456,1
I love this! item 1457,1
Best purchase ever item 1458,1
Do not buy item 1459,0
Terrible product item 1460,0
Best purchase ever item 1461,1
Best purchase ever item 1462,1
Worst experience item 1463,0
Poor quality item 1464,0
Worst experience item 1465,0
Worst experience item 1466,0
Best purchase ever item 1467,1
Terrible product item 1468,0
Worst experience item 1469,0
Very happy with this item 1470,1
Terrible product item 1471,0
Very disappointed item 1472,0
Best purchase ever item 1473,1
Highly recommend item 1474,1
Great product item 1475,1
Best purchase ever item 1476,1
I love this! item 1477,1
Do not buy item 1478,0
Complete garbage item 1479,0
Fantastic quality item 1480,1
Terrible product item 1481,0
Complete garbage item 1482,0
Highly recommend item 1483,1
Very disappointed item 1484,0
Terrible product item 1485,0
Worst experience item 1486,0
Best purchase ever item 1487,1
Excellent service item 1488,1
Fantastic quality item 1489,1
I love this! item 1490,1
Very happy with this item 1491,1
Avoid this item 1492,0
Excellent service item 1493,1
Very disappointed item 1494,0
Worst experience item 1495,0
Very happy with this item 1496,1
Excellent service item 1497,1
Best purchase ever item 1498,1
Avoid this item 1499,0
Avoid this item 1500,0
Very disappointed item 1501,0
Excellent service item 1502,1
Excellent service item 1503,1
Very happy with this item 1504,1
Worst experience item 1505,0
Do not buy item 1506,0
Very disappointed item 1507,0
Fantastic quality item 1508,1
Avoid this item 1509,0
Highly recommend item 1510,1
Best purchase ever item 1511,1
Do not buy item 1512,0
Poor quality item 1513,0
Avoid this item 1514,0
Highly recommend item 1515,1
Amazing experience item 1516,1
Terrible product item 1517,0
Very happy with this item 1518,1
Worst experience item 1519,0
Terrible product item 1520,0
Worst experience item 1521,0
Complete garbage item 1522,0
Waste of money item 1523,0
Fantastic quality item 1524,1
Very disappointed item 1525,0
Very disappointed item 1526,0
Poor quality item 1527,0
Avoid this item 1528,0
I love this! item 1529,1
Worst experience item 1530,0
Highly recommend item 1531,1
Waste of money item 1532,0
Avoid this item 1533,0
Great product item 1534,1
Worst experience item 1535,0
I love this! item 1536,1
I love this! item 1537,1
Excellent service item 1538,1
Best purchase ever item 1539,1
I love this! item 1540,1
Complete garbage item 1541,0
Best purchase ever item 1542,1
Do not buy item 1543,0
Terrible product item 1544,0
Very disappointed item 1545,0
Complete garbage item 1546,0
Fantastic quality item 1547,1
Excellent service item 1548,1
Waste of money item 1549,0
Amazing experience item 1550,1
I love this! item 1551,1
Very happy with this item 1552,1
Very happy with this item 1553,1
Do not buy item 1554,0
Amazing experience item 1555,1
Worst experience item 1556,0
Highly recommend item 1557,1
Very disappointed item 1558,0
Excellent service item 1559,1
I love this! item 1560,1
Very disappointed item 1561,0
Do not buy item 1562,0
Avoid this item 1563,0
Amazing experience item 1564,1
Fantastic quality item 1565,1
Waste of money item 1566,0
Terrible product item 1567,0
Highly recommend item 1568,1
Worst experience item 1569,0
Waste of money item 1570,0
Best purchase ever item 1571,1
Excellent service item 1572,1
I love this! item 1573,1
Very disappointed item 1574,0
Do not buy item 1575,0
Amazing experience item 1576,1
Great product item 1577,1
Very happy with this item 1578,1
Complete garbage item 1579,0
Highly recommend item 1580,1
Very disappointed item 1581,0
Very disappointed item 1582,0
Terrible product item 1583,0
Waste of money item 1584,0
Highly recommend item 1585,1
Best purchase ever item 1586,1
Poor quality item 1587,0
Very happy with this item 1588,1
Very disappointed item 1589,0
Amazing experience item 1590,1
Worst experience item 1591,0
I love this! item 1592,1
Amazing experience item 1593,1
Avoid this item 1594,0
Fantastic quality item 1595,1
I love this! item 1596,1
Best purchase ever item 1597,1
Poor quality item 1598,0
Very disappointed item 1599,0
Do not buy item 1600,0
Best purchase ever item 1601,1
Worst experience item 1602,0
Excellent service item 1603,1
Poor quality item 1604,0
Great product item 1605,1
Poor quality item 1606,0
Waste of money item 1607,0
Complete garbage item 1608,0
Best purchase ever item 1609,1
Highly recommend item 1610,1
Worst experience item 1611,0
Complete garbage item 1612,0
Very disappointed item 1613,0
Very disappointed item 1614,0
Avoid this item 1615,0
Avoid this item 1616,0
Fantastic quality item 1617,1
Fantastic quality item 1618,1
Worst experience item 1619,0
Highly recommend item 1620,1
Fantastic quality item 1621,1
Do not buy item 1622,0
Terrible product item 1623,0
Complete garbage item 1624,0
Fantastic quality item 1625,1
Terrible product item 1626,0
Fantastic quality item 1627,1
Best purchase ever item 1628,1
Best purchase ever item 1629,1
Complete garbage item 1630,0
Amazing experience item 1631,1
Worst experience item 1632,0
Fantastic quality item 1633,1
Very happy with this item 1634,1
I love this! item 1635,1
Excellent service item 1636,1
Fantastic quality item 1637,1
Best purchase ever item 1638,1
Avoid this item 1639,0
Highly recommend item 1640,1
Worst experience item 1641,0
Amazing experience item 1642,1
Do not buy item 1643,0
Poor quality item 1644,0
Fantastic quality item 1645,1
Best purchase ever item 1646,1
Very disappointed item 1647,0
Best purchase ever item 1648,1
Do not buy item 1649,0
Fantastic quality item 1650,1
Very happy with this item 1651,1
Terrible product item 1652,0
I love this! item 1653,1
Highly recommend item 1654,1
Best purchase ever item 1655,1
Complete garbage item 1656,0
Poor quality item 1657,0
Very happy with this item 1658,1
Poor quality item 1659,0
Terrible product item 1660,0
Very happy with this item 1661,1
Very disappointed item 1662,0
Best purchase ever item 1663,1
Best purchase ever item 1664,1
Best purchase ever item 1665,1
Very disappointed item 1666,0
Very happy with this item 1667,1
Fantastic quality item 1668,1
Do not buy item 1669,0
Poor quality item 1670,0
Terrible product item 1671,0
Excellent service item 1672,1
Do not buy item 1673,0
Best purchase ever item 1674,1
Do not buy item 1675,0
Very happy with this item 1676,1
Amazing experience item 1677,1
Avoid this item 1678,0
Very disappointed item 1679,0
Amazing experience item 1680,1
Fantastic quality item 1681,1
Waste of money item 1682,0
Very disappointed item 1683,0
Terrible product item 1684,0
Best purchase ever item 1685,1
Excellent service item 1686,1
Excellent service item 1687,1
Do not buy item 1688,0
Poor quality item 1689,0
I love this! item 1690,1
Avoid this item 1691,0
Fantastic quality item 1692,1
I love this! item 1693,1
Highly recommend item 1694,1
Very happy with this item 1695,1
Terrible product item 1696,0
Great product item 1697,1
Worst experience item 1698,0
Very disappointed item 1699,0
Very disappointed item 1700,0
Fantastic quality item 1701,1
Amazing experience item 1702,1
Very disappointed item 1703,0
Excellent service item 1704,1
I love this! item 1705,1
Amazing experience item 1706,1
Worst experience item 1707,0
Waste of money item 1708,0
Excellent service item 1709,1
Poor quality item 1710,0
Best purchase ever item 1711,1
Great product item 1712,1
Do not buy item 1713,0
Fantastic quality item 1714,1
Very happy with this item 1715,1
Terrible product item 1716,0
Avoid this item 1717,0
Fantastic quality item 1718,1
Terrible product item 1719,0
Terrible product item 1720,0
Excellent service item 1721,1
Waste of money item 1722,0
Great product item 1723,1
Complete garbage item 1724,0
Amazing experience item 1725,1
Highly recommend item 1726,1
Do not buy item 1727,0
Very happy with this item 1728,1
Very disappointed item 1729,0
Amazing experience item 1730,1
Do not buy item 1731,0
Waste of money item 1732,0
Very happy with this item 1733,1
Poor quality item 1734,0
Terrible product item 1735,0
Waste of money item 1736,0
Amazing experience item 1737,1
Worst experience item 1738,0
Excellent service item 1739,1
I love this! item 1740,1
Poor quality item 1741,0
Fantastic quality item 1742,1
I love this! item 1743,1
Very disappointed item 1744,0
Amazing experience item 1745,1
Poor quality item 1746,0
Best purchase ever item 1747,1
Terrible product item 1748,0
Complete garbage item 1749,0
Fantastic quality item 1750,1
Do not buy item 1751,0
Terrible product item 1752,0
I love this! item 1753,1
Amazing experience item 1754,1
Avoid this item 1755,0
Fantastic quality item 1756,1
Complete garbage item 1757,0
I love this! item 1758,1
I love this! item 1759,1
Avoid this item 1760,0
Very disappointed item 1761,0
Amazing experience item 1762,1
Worst experience item 1763,0
Highly recommend item 1764,1
Best purchase ever item 1765,1
Waste of money item 1766,0
Best purchase ever item 1767,1
Poor quality item 1768,0
Fantastic quality item 1769,1
Avoid this item 1770,0
Waste of money item 1771,0
Terrible product item 1772,0
Great product item 1773,1
I love this! item 1774,1
Very happy with this item 1775,1
Amazing experience item 1776,1
Complete garbage item 1777,0
Amazing experience item 1778,1
Great product item 1779,1
Fantastic quality item 1780,1
Great product item 1781,1
Poor quality item 1782,0
Very disappointed item 1783,0
Terrible product item 1784,0
Great product item 1785,1
Highly recommend item 1786,1
Waste of money item 1787,0
Avoid this item 1788,0
Amazing experience item 1789,1
Poor quality item 1790,0
Best purchase ever item 1791,1
Do not buy item 1792,0
Poor quality item 1793,0
Excellent service item 1794,1
I love this! item 1795,1
Highly recommend item 1796,1
Terrible product item 1797,0
Poor quality item 1798,0
Terrible product item 1799,0
Amazing experience item 1800,1
Great product item 1801,1
Very disappointed item 1802,0
Terrible product item 1803,0
Worst experience item 1804,0
Complete garbage item 1805,0
Terrible product item 1806,0
Very happy with this item 1807,1
Worst experience item 1808,0
Excellent service item 1809,1
Poor quality item 1810,0
Highly recommend item 1811,1
I love this! item 1812,1
Excellent service item 1813,1
I love this! item 1814,1
Avoid this item 1815,0
Poor quality item 1816,0
Fantastic quality item 1817,1
Waste of money item 1818,0
Fantastic quality item 1819,1
Very happy with this item 1820,1
Highly recommend item 1821,1
I love this! item 1822,1
Complete garbage item 1823,0
Amazing experience item 1824,1
Excellent service item 1825,1
Terrible product item 1826,0
Waste of money item 1827,0
Waste of money item 1828,0
I love this! item 1829,1
Fantastic quality item 1830,1
Avoid this item 1831,0
Excellent service item 1832,1
Very happy with this item 1833,1
Best purchase ever item 1834,1
Very happy with this item 1835,1
Excellent service item 1836,1
I love this! item 1837,1
I love this! item 1838,1
Amazing experience item 1839,1
Avoid this item 1840,0
Terrible product item 1841,0
Worst experience item 1842,0
Worst experience item 1843,0
Very happy with this item 1844,1
Waste of money item 1845,0
Fantastic quality item 1846,1
Great product item 1847,1
Amazing experience item 1848,1
Great product item 1849,1
Worst experience item 1850,0
Great product item 1851,1
Poor quality item 1852,0
Highly recommend item 1853,1
Excellent service item 1854,1
Amazing experience item 1855,1
Highly recommend item 1856,1
I love this! item 1857,1
Very disappointed item 1858,0
Complete garbage item 1859,0
Amazing experience item 1860,1
Highly recommend item 1861,1
Terrible product item 1862,0
Very happy with this item 1863,1
Worst experience item 1864,0
Worst experience item 1865,0
Very disappointed item 1866,0
Fantastic quality item 1867,1
Best purchase ever item 1868,1
Complete garbage item 1869,0
Very happy with this item 1870,1
Waste of money item 1871,0
Complete garbage item 1872,0
Worst experience item 1873,0
Very happy with this item 1874,1
Highly recommend item 1875,1
Great product item 1876,1
Highly recommend item 1877,1
Waste of money item 1878,0
Highly recommend item 1879,1
Amazing experience item 1880,1
Fantastic quality item 1881,1
Poor quality item 1882,0
Do not buy item 1883,0
Best purchase ever item 1884,1
Very disappointed item 1885,0
Very disappointed item 1886,0
Fantastic quality item 1887,1
Terrible product item 1888,0
Do not buy item 1889,0
Best purchase ever item 1890,1
Terrible product item 1891,0
I love this! item 1892,1
Highly recommend item 1893,1
Best purchase ever item 1894,1
Do not buy item 1895,0
Great product item 1896,1
Fantastic quality item 1897,1
Poor quality item 1898,0
Amazing experience item 1899,1
Amazing experience item 1900,1
Amazing experience item 1901,1
Highly recommend item 1902,1
Very disappointed item 1903,0
Terrible product item 1904,0
Terrible product item 1905,0
Waste of money item 1906,0
I love this! item 1907,1
Fantastic quality item 1908,1
Excellent service item 1909,1
Best purchase ever item 1910,1
Very disappointed item 1911,0
Poor quality item 1912,0
Do not buy item 1913,0
Excellent service item 1914,1
Worst experience item 1915,0
Amazing experience item 1916,1
Amazing experience item 1917,1
Avoid this item 1918,0
Complete garbage item 1919,0
Do not buy item 1920,0
Worst experience item 1921,0
Poor quality item 1922,0
Very disappointed item 1923,0
Best purchase ever item 1924,1
Very disappointed item 1925,0
Fantastic quality item 1926,1
Fantastic quality item 1927,1
Amazing experience item 1928,1
Amazing experience item 1929,1
Very happy with this item 1930,1
Poor quality item 1931,0
Avoid this item 1932,0
Avoid this item 1933,0
I love this! item 1934,1
Highly recommend item 1935,1
Fantastic quality item 1936,1
Excellent service item 1937,1
Worst experience item 1938,0
Poor quality item 1939,0
Very disappointed item 1940,0
Poor quality item 1941,0
Great product item 1942,1
Highly recommend item 1943,1
Fantastic quality item 1944,1
Amazing experience item 1945,1
Worst experience item 1946,0
Excellent service item 1947,1
Great product item 1948,1
Complete garbage item 1949,0
Great product item 1950,1
Complete garbage item 1951,0
Fantastic quality item 1952,1
Excellent service item 1953,1
Best purchase ever item 1954,1
Waste of money item 1955,0
Best purchase ever item 1956,1
Worst experience item 1957,0
Best purchase ever item 1958,1
Great product item 1959,1
Poor quality item 1960,0
Very happy with this item 1961,1
Fantastic quality item 1962,1
I love this! item 1963,1
I love this! item 1964,1
Terrible product item 1965,0
Excellent service item 1966,1
Do not buy item 1967,0
Best purchase ever item 1968,1
Very happy with this item 1969,1
Very happy with this item 1970,1
I love this! item 1971,1
Very disappointed item 1972,0
Terrible product item 1973,0
Worst experience item 1974,0
Fantastic quality item 1975,1
Very happy with this item 1976,1
Excellent service item 1977,1
Very happy with this item 1978,1
I love this! item 1979,1
Do not buy item 1980,0
Excellent service item 1981,1
Amazing experience item 1982,1
Very disappointed item 1983,0
Excellent service item 1984,1
I love this! item 1985,1
Fantastic quality item 1986,1
Complete garbage item 1987,0
Best purchase ever item 1988,1
I love this! item 1989,1
Best purchase ever item 1990,1
Avoid this item 1991,0
Great product item 1992,1
Complete garbage item 1993,0
Best purchase ever item 1994,1
Excellent service item 1995,1
Waste of money item 1996,0
Very happy with this item 1997,1
Do not buy item 1998,0
Worst experience item 1999,0
Fantastic quality item 2000,1
Worst experience item 2001,0
Best purchase ever item 2002,1
Very happy with this item 2003,1
Amazing experience item 2004,1
Complete garbage item 2005,0
Terrible product item 2006,0
Avoid this item 2007,0
Very disappointed item 2008,0
Worst experience item 2009,0
Terrible product item 2010,0
Fantastic quality item 2011,1
Very disappointed item 2012,0
Waste of money item 2013,0
Very disappointed item 2014,0
Best purchase ever item 2015,1
Do not buy item 2016,0
Terrible product item 2017,0
Great product item 2018,1
Very happy with this item 2019,1
Very disappointed item 2020,0
Fantastic quality item 2021,1
Avoid this item 2022,0
Do not buy item 2023,0
Terrible product item 2024,0
Worst experience item 2025,0
I love this! item 2026,1
Waste of money item 2027,0
Worst experience item 2028,0
Amazing experience item 2029,1
I love this! item 2030,1
Terrible product item 2031,0
Very disappointed item 2032,0
Amazing experience item 2033,1
Complete garbage item 2034,0
Excellent service item 2035,1
Great product item 2036,1
Do not buy item 2037,0
Avoid this item 2038,0
Highly recommend item 2039,1
Worst experience item 2040,0
Best purchase ever item 2041,1
Very happy with this item 2042,1
Fantastic quality item 2043,1
Very disappointed item 2044,0
Very disappointed item 2045,0
I love this! item 2046,1
Great product item 2047,1
Poor quality item 2048,0
Waste of money item 2049,0
I love this! item 2050,1
Terrible product item 2051,0
Do not buy item 2052,0
Very disappointed item 2053,0
Best purchase ever item 2054,1
Highly recommend item 2055,1
I love this! item 2056,1
Terrible product item 2057,0
Poor quality item 2058,0
I love this! item 2059,1
Terrible product item 2060,0
Terrible product item 2061,0
Amazing experience item 2062,1
Great product item 2063,1
I love this! item 2064,1
Very disappointed item 2065,0
Very disappointed item 2066,0
Fantastic quality item 2067,1
Highly recommend item 2068,1
Highly recommend item 2069,1
Terrible product item 2070,0
Very disappointed item 2071,0
I love this! item 2072,1
I love this! item 2073,1
Poor quality item 2074,0
Do not buy item 2075,0
Do not buy item 2076,0
Poor quality item 2077,0
Do not buy item 2078,0
Worst experience item 2079,0
Complete garbage item 2080,0
Best purchase ever item 2081,1
Very disappointed item 2082,0
Terrible product item 2083,0
Amazing experience item 2084,1
Do not buy item 2085,0
Great product item 2086,1
Poor quality item 2087,0
Fantastic quality item 2088,1
Best purchase ever item 2089,1
I love this! item 2090,1
Very disappointed item 2091,0
Best purchase ever item 2092,1
I love this! item 2093,1
Great product item 2094,1
Very happy with this item 2095,1
Poor quality item 2096,0
Fantastic quality item 2097,1
Excellent service item 2098,1
Amazing experience item 2099,1
Best purchase ever item 2100,1
Great product item 2101,1
Poor quality item 2102,0
Best purchase ever item 2103,1
Highly recommend item 2104,1
Do not buy item 2105,0
Very disappointed item 2106,0
Fantastic quality item 2107,1
Complete garbage item 2108,0
Very disappointed item 2109,0
Poor quality item 2110,0
Terrible product item 2111,0
Great product item 2112,1
Terrible product item 2113,0
Worst experience item 2114,0
Avoid this item 2115,0
Waste of money item 2116,0
Amazing experience item 2117,1
Fantastic quality item 2118,1
Best purchase ever item 2119,1
Avoid this item 2120,0
Poor quality item 2121,0
Complete garbage item 2122,0
I love this! item 2123,1
Do not buy item 2124,0
Complete garbage item 2125,0
Very happy with this item 2126,1
Do not buy item 2127,0
Highly recommend item 2128,1
I love this! item 2129,1
Very happy with this item 2130,1
Terrible product item 2131,0
Terrible product item 2132,0
Avoid this item 2133,0
Great product item 2134,1
Fantastic quality item 2135,1
I love this! item 2136,1
Complete garbage item 2137,0
I love this! item 2138,1
Terrible product item 2139,0
Avoid this item 2140,0
Complete garbage item 2141,0
Very happy with this item 2142,1
Avoid this item 2143,0
Complete garbage item 2144,0
Fantastic quality item 2145,1
Amazing experience item 2146,1
Worst experience item 2147,0
Terrible product item 2148,0
Complete garbage item 2149,0
Great product item 2150,1
Do not buy item 2151,0
Poor quality item 2152,0
Waste of money item 2153,0
Great product item 2154,1
Do not buy item 2155,0
Very disappointed item 2156,0
Worst experience item 2157,0
Excellent service item 2158,1
I love this! item 2159,1
Worst experience item 2160,0
Best purchase ever item 2161,1
Very happy with this item 2162,1
Fantastic quality item 2163,1
Best purchase ever item 2164,1
I love this! item 2165,1
Excellent service item 2166,1
Excellent service item 2167,1
Excellent service item 2168,1
Very happy with this item 2169,1
Waste of money item 2170,0
Fantastic quality item 2171,1
Terrible product item 2172,0
Amazing experience item 2173,1
Fantastic quality item 2174,1
Great product item 2175,1
I love this! item 2176,1
Best purchase ever item 2177,1
Fantastic quality item 2178,1
Waste of money item 2179,0
Terrible product item 2180,0
I love this! item 2181,1
I love this! item 2182,1
Worst experience item 2183,0
Best purchase ever item 2184,1
Worst experience item 2185,0
Great product item 2186,1
Best purchase ever item 2187,1
Fantastic quality item 2188,1
Very disappointed item 2189,0
Worst experience item 2190,0
Amazing experience item 2191,1
Excellent service item 2192,1
Complete garbage item 2193,0
Highly recommend item 2194,1
Complete garbage item 2195,0
Highly recommend item 2196,1
I love this! item 2197,1
Waste of money item 2198,0
Great product item 2199,1
Complete garbage item 2200,0
Amazing experience item 2201,1
Very disappointed item 2202,0
Worst experience item 2203,0
Very disappointed item 2204,0
Highly recommend item 2205,1
Poor quality item 2206,0
Do not buy item 2207,0
Best purchase ever item 2208,1
Waste of money item 2209,0
I love this! item 2210,1
Do not buy item 2211,0
Fantastic quality item 2212,1
Complete garbage item 2213,0
Complete garbage item 2214,0
Waste of money item 2215,0
Fantastic quality item 2216,1
Complete garbage item 2217,0
I love this! item 2218,1
Very disappointed item 2219,0
Fantastic quality item 2220,1
Poor quality item 2221,0
Poor quality item 2222,0
Waste of money item 2223,0
Very happy with this item 2224,1
Fantastic quality item 2225,1
Highly recommend item 2226,1
Fantastic quality item 2227,1
Amazing experience item 2228,1
Avoid this item 2229,0
Great product item 2230,1
Complete garbage item 2231,0
Complete garbage item 2232,0
Amazing experience item 2233,1
Poor quality item 2234,0
Best purchase ever item 2235,1
Terrible product item 2236,0
Amazing experience item 2237,1
Waste of money item 2238,0
Worst experience item 2239,0
Excellent service item 2240,1
I love this! item 2241,1
Worst experience item 2242,0
Fantastic quality item 2243,1
Avoid this item 2244,0
Fantastic quality item 2245,1
Fantastic quality item 2246,1
Very happy with this item 2247,1
Do not buy item 2248,0
Very happy with this item 2249,1
Very happy with this item 2250,1
Excellent service item 2251,1
Avoid this item 2252,0
I love this! item 2253,1
Terrible product item 2254,0
Worst experience item 2255,0
Avoid this item 2256,0
Very happy with this item 2257,1
Excellent service item 2258,1
Excellent service item 2259,1
Complete garbage item 2260,0
Complete garbage item 2261,0
Avoid this item 2262,0
Avoid this item 2263,0
Amazing experience item 2264,1
I love this! item 2265,1
Excellent service item 2266,1
Best purchase ever item 2267,1
Best purchase ever item 2268,1
Best purchase ever item 2269,1
Amazing experience item 2270,1
Very disappointed item 2271,0
Do not buy item 2272,0
Avoid this item 2273,0
Poor quality item 2274,0
Fantastic quality item 2275,1
Best purchase ever item 2276,1
Poor quality item 2277,0
Best purchase ever item 2278,1
Do not buy item 2279,0
Amazing experience item 2280,1
Highly recommend item 2281,1
Do not buy item 2282,0
Amazing experience item 2283,1
Excellent service item 2284,1
Avoid this item 2285,0
I love this! item 2286,1
Avoid this item 2287,0
Best purchase ever item 2288,1
Fantastic quality item 2289,1
Poor quality item 2290,0
Very happy with this item 2291,1
Great product item 2292,1
Poor quality item 2293,0
Best purchase ever item 2294,1
Avoid this item 2295,0
Highly recommend item 2296,1
Amazing experience item 2297,1
I love this! item 2298,1
Excellent service item 2299,1
Waste of money item 2300,0
Worst experience item 2301,0
Do not buy item 2302,0
Highly recommend item 2303,1
I love this! item 2304,1
I love this! item 2305,1
Amazing experience item 2306,1
I love this! item 2307,1
Highly recommend item 2308,1
Complete garbage item 2309,0
Great product item 2310,1
I love this! item 2311,1
Great product item 2312,1
Waste of money item 2313,0
Very happy with this item 2314,1
Do not buy item 2315,0
Great product item 2316,1
Great product item 2317,1
Excellent service item 2318,1
Fantastic quality item 2319,1
Avoid this item 2320,0
Amazing experience item 2321,1
Amazing experience item 2322,1
Highly recommend item 2323,1
Worst experience item 2324,0
Fantastic quality item 2325,1
Worst experience item 2326,0
Highly recommend item 2327,1
Excellent service item 2328,1
Best purchase ever item 2329,1
Avoid this item 2330,0
Excellent service item 2331,1
Avoid this item 2332,0
Excellent service item 2333,1
Best purchase ever item 2334,1
Avoid this item 2335,0
Very happy with this item 2336,1
I love this! item 2337,1
Do not buy item 2338,0
Great product item 2339,1
Do not buy item 2340,0
Poor quality item 2341,0
Excellent service item 2342,1
Fantastic quality item 2343,1
Very disappointed item 2344,0
Very happy with this item 2345,1
Waste of money item 2346,0
Waste of money item 2347,0
Waste of money item 2348,0
Do not buy item 2349,0
Very disappointed item 2350,0
I love this! item 2351,1
Excellent service item 2352,1
Do not buy item 2353,0
Great product item 2354,1
Fantastic quality item 2355,1
Poor quality item 2356,0
Highly recommend item 2357,1
Avoid this item 2358,0
Poor quality item 2359,0
Worst experience item 2360,0
Amazing experience item 2361,1
Do not buy item 2362,0
Excellent service item 2363,1
Waste of money item 2364,0
Best purchase ever item 2365,1
Excellent service item 2366,1
Complete garbage item 2367,0
Excellent service item 2368,1
Complete garbage item 2369,0
Excellent service item 2370,1
Do not buy item 2371,0
Do not buy item 2372,0
Amazing experience item 2373,1
Amazing experience item 2374,1
Waste of money item 2375,0
Avoid this item 2376,0
Waste of money item 2377,0
Excellent service item 2378,1
Amazing experience item 2379,1
Do not buy item 2380,0
Avoid this item 2381,0
I love this! item 2382,1
Amazing experience item 2383,1
Waste of money item 2384,0
Terrible product item 2385,0
Poor quality item 2386,0
Highly recommend item 2387,1
Very disappointed item 2388,0
Excellent service item 2389,1
Poor quality item 2390,0
Complete garbage item 2391,0
Avoid this item 2392,0
I love this! item 2393,1
Very disappointed item 2394,0
Highly recommend item 2395,1
Do not buy item 2396,0
Poor quality item 2397,0
I love this! item 2398,1
Best purchase ever item 2399,1
Worst experience item 2400,0
Fantastic quality item 2401,1
Poor quality item 2402,0
Worst experience item 2403,0
Great product item 2404,1
Great product item 2405,1
Excellent service item 2406,1
Worst experience item 2407,0
Very disappointed item 2408,0
Excellent service item 2409,1
Terrible product item 2410,0
Fantastic quality item 2411,1
Great product item 2412,1
Very happy with this item 2413,1
Worst experience item 2414,0
Highly recommend item 2415,1
Worst experience item 2416,0
Fantastic quality item 2417,1
Amazing experience item 2418,1
Poor quality item 2419,0
Great product item 2420,1
Terrible product item 2421,0
Terrible product item 2422,0
Complete garbage item 2423,0
Fantastic quality item 2424,1
Excellent service item 2425,1
Waste of money item 2426,0
Fantastic quality item 2427,1
Terrible product item 2428,0
Fantastic quality item 2429,1
Waste of money item 2430,0
Very happy with this item 2431,1
Very happy with this item 2432,1
Amazing experience item 2433,1
Worst experience item 2434,0
Very disappointed item 2435,0
Avoid this item 2436,0
Terrible product item 2437,0
Highly recommend item 2438,1
Highly recommend item 2439,1
Very happy with this item 2440,1
Complete garbage item 2441,0
Terrible product item 2442,0
I love this! item 2443,1
I love this! item 2444,1
Best purchase ever item 2445,1
Terrible product item 2446,0
Poor quality item 2447,0
Great product item 2448,1
Excellent service item 2449,1
Worst experience item 2450,0
Best purchase ever item 2451,1
Great product item 2452,1
Do not buy item 2453,0
Terrible product item 2454,0
Waste of money item 2455,0
Fantastic quality item 2456,1
Excellent service item 2457,1
Waste of money item 2458,0
Avoid this item 2459,0
Great product item 2460,1
Terrible product item 2461,0
Very disappointed item 2462,0
Avoid this item 2463,0
Very happy with this item 2464,1
Do not buy item 2465,0
Terrible product item 2466,0
Excellent service item 2467,1
Waste of money item 2468,0
Fantastic quality item 2469,1
Highly recommend item 2470,1
Terrible product item 2471,0
Waste of money item 2472,0
Waste of money item 2473,0
I love this! item 2474,1
Poor quality item 2475,0
Amazing experience item 2476,1
Worst experience item 2477,0
Very disappointed item 2478,0
Amazing experience item 2479,1
Complete garbage item 2480,0
Highly recommend item 2481,1
Complete garbage item 2482,0
Worst experience item 2483,0
Terrible product item 2484,0
Complete garbage item 2485,0
Excellent service item 2486,1
Avoid this item 2487,0
Waste of money item 2488,0
Complete garbage item 2489,0
Waste of money item 2490,0
Highly recommend item 2491,1
Amazing experience item 2492,1
Complete garbage item 2493,0
Amazing experience item 2494,1
I love this! item 2495,1
Poor quality item 2496,0
Highly recommend item 2497,1
Waste of money item 2498,0
Amazing experience item 2499,1
Very happy with this item 2500,1
Complete garbage item 2501,0
I love this! item 2502,1
Waste of money item 2503,0
Waste of money item 2504,0
Highly recommend item 2505,1
Great product item 2506,1
Avoid this item 2507,0
Great product item 2508,1
Amazing experience item 2509,1
Poor quality item 2510,0
I love this! item 2511,1
Terrible product item 2512,0
Worst experience item 2513,0
Excellent service item 2514,1
Do not buy item 2515,0
Amazing experience item 2516,1
Very disappointed item 2517,0
Very happy with this item 2518,1
Excellent service item 2519,1
Terrible product item 2520,0
Excellent service item 2521,1
Fantastic quality item 2522,1
Amazing experience item 2523,1
Very happy with this item 2524,1
Very disappointed item 2525,0
Fantastic quality item 2526,1
Very disappointed item 2527,0
I love this! item 2528,1
Best purchase ever item 2529,1
Highly recommend item 2530,1
Do not buy item 2531,0
Very disappointed item 2532,0
Excellent service item 2533,1
Great product item 2534,1
Worst experience item 2535,0
Do not buy item 2536,0
Excellent service item 2537,1
Do not buy item 2538,0
Terrible product item 2539,0
Very happy with this item 2540,1
Avoid this item 2541,0
I love this! item 2542,1
Waste of money item 2543,0
Avoid this item 2544,0
Great product item 2545,1
Avoid this item 2546,0
Great product item 2547,1
I love this! item 2548,1
Fantastic quality item 2549,1
Terrible product item 2550,0
Avoid this item 2551,0
Great product item 2552,1
Complete garbage item 2553,0
Great product item 2554,1
Fantastic quality item 2555,1
Avoid this item 2556,0
Poor quality item 2557,0
Worst experience item 2558,0
Do not buy item 2559,0
Amazing experience item 2560,1
Amazing experience item 2561,1
Worst experience item 2562,0
Amazing experience item 2563,1
I love this! item 2564,1
Great product item 2565,1
Complete garbage item 2566,0
Do not buy item 2567,0
Best purchase ever item 2568,1
Very disappointed item 2569,0
Very disappointed item 2570,0
Very disappointed item 2571,0
Complete garbage item 2572,0
Complete garbage item 2573,0
I love this! item 2574,1
Amazing experience item 2575,1
Complete garbage item 2576,0
Great product item 2577,1
Great product item 2578,1
Do not buy item 2579,0
Poor quality item 2580,0
Excellent service item 2581,1
Great product item 2582,1
Waste of money item 2583,0
Avoid this item 2584,0
Best purchase ever item 2585,1
Complete garbage item 2586,0
Very happy with this item 2587,1
Fantastic quality item 2588,1
Very happy with this item 2589,1
Best purchase ever item 2590,1
Avoid this item 2591,0
Best purchase ever item 2592,1
Worst experience item 2593,0
Fantastic quality item 2594,1
Very happy with this item 2595,1
Best purchase ever item 2596,1
Very happy with this item 2597,1
Great product item 2598,1
Fantastic quality item 2599,1
Poor quality item 2600,0
Great product item 2601,1
Waste of money item 2602,0
Waste of money item 2603,0
Fantastic quality item 2604,1
Great product item 2605,1
Very disappointed item 2606,0
Amazing experience item 2607,1
Terrible product item 2608,0
Very happy with this item 2609,1
Terrible product item 2610,0
Complete garbage item 2611,0
Great product item 2612,1
Terrible product item 2613,0
Complete garbage item 2614,0
Fantastic quality item 2615,1
Best purchase ever item 2616,1
Highly recommend item 2617,1
I love this! item 2618,1
Very disappointed item 2619,0
Very happy with this item 2620,1
Avoid this item 2621,0
Do not buy item 2622,0
Do not buy item 2623,0
Poor quality item 2624,0
Complete garbage item 2625,0
Terrible product item 2626,0
Amazing experience item 2627,1
Waste of money item 2628,0
Do not buy item 2629,0
Worst experience item 2630,0
Complete garbage item 2631,0
Very disappointed item 2632,0
Avoid this item 2633,0
Fantastic quality item 2634,1
Terrible product item 2635,0
Complete garbage item 2636,0
Terrible product item 2637,0
Worst experience item 2638,0
Complete garbage item 2639,0
Amazing experience item 2640,1
Best purchase ever item 2641,1
Great product item 2642,1
Best purchase ever item 2643,1
Complete garbage item 2644,0
Highly recommend item 2645,1
Do not buy item 2646,0
Waste of money item 2647,0
Very disappointed item 2648,0
Excellent service item 2649,1
Very happy with this item 2650,1
Very happy with this item 2651,1
Poor quality item 2652,0
Very disappointed item 2653,0
Fantastic quality item 2654,1
Poor quality item 2655,0
Fantastic quality item 2656,1
Poor quality item 2657,0
Avoid this item 2658,0
Fantastic quality item 2659,1
Complete garbage item 2660,0
Do not buy item 2661,0
Poor quality item 2662,0
Fantastic quality item 2663,1
Poor quality item 2664,0
Highly recommend item 2665,1
Waste of money item 2666,0
Avoid this item 2667,0
Highly recommend item 2668,1
I love this! item 2669,1
Poor quality item 2670,0
Complete garbage item 2671,0
Fantastic quality item 2672,1
Great product item 2673,1
Do not buy item 2674,0
Best purchase ever item 2675,1
Fantastic quality item 2676,1
Poor quality item 2677,0
Highly recommend item 2678,1
Very disappointed item 2679,0
Worst experience item 2680,0
Very happy with this item 2681,1
I love this! item 2682,1
Amazing experience item 2683,1
Poor quality item 2684,0
Best purchase ever item 2685,1
Waste of money item 2686,0
Poor quality item 2687,0
Waste of money item 2688,0
Do not buy item 2689,0
Best purchase ever item 2690,1
Do not buy item 2691,0
I love this! item 2692,1
Very happy with this item 2693,1
Avoid this item 2694,0
Best purchase ever item 2695,1
Waste of money item 2696,0
Excellent service item 2697,1
Excellent service item 2698,1
Very happy with this item 2699,1
Best purchase ever item 2700,1
Very disappointed item 2701,0
Highly recommend item 2702,1
Very happy with this item 2703,1
Very happy with this item 2704,1
Very disappointed item 2705,0
I love this! item 2706,1
Fantastic quality item 2707,1
Amazing experience item 2708,1
Highly recommend item 2709,1
Waste of money item 2710,0
Waste of money item 2711,0
Fantastic quality item 2712,1
Very disappointed item 2713,0
I love this! item 2714,1
I love this! item 2715,1
Highly recommend item 2716,1
Poor quality item 2717,0
Terrible product item 2718,0
Waste of money item 2719,0
Excellent service item 2720,1
Complete garbage item 2721,0
Amazing experience item 2722,1
Worst experience item 2723,0
Worst experience item 2724,0
Waste of money item 2725,0
Terrible product item 2726,0
Excellent service item 2727,1
Waste of money item 2728,0
Terrible product item 2729,0
Terrible product item 2730,0
I love this! item 2731,1
Poor quality item 2732,0
Waste of money item 2733,0
Poor quality item 2734,0
Great product item 2735,1
Do not buy item 2736,0
Amazing experience item 2737,1
Poor quality item 2738,0
Highly recommend item 2739,1
Excellent service item 2740,1
Worst experience item 2741,0
Waste of money item 2742,0
Waste of money item 2743,0
Highly recommend item 2744,1
Worst experience item 2745,0
Highly recommend item 2746,1
Very happy with this item 2747,1
Highly recommend item 2748,1
Excellent service item 2749,1
Highly recommend item 2750,1
Great product item 2751,1
Complete garbage item 2752,0
Excellent service item 2753,1
Poor quality item 2754,0
Very disappointed item 2755,0
Very happy with this item 2756,1
Poor quality item 2757,0
Avoid this item 2758,0
Fantastic quality item 2759,1
Complete garbage item 2760,0
I love this! item 2761,1
Very happy with this item 2762,1
Avoid this item 2763,0
Poor quality item 2764,0
Excellent service item 2765,1
Very happy with this item 2766,1
Fantastic quality item 2767,1
I love this! item 2768,1
Great product item 2769,1
Do not buy item 2770,0
Fantastic quality item 2771,1
Best purchase ever item 2772,1
Fantastic quality item 2773,1
Terrible product item 2774,0
Waste of money item 2775,0
Highly recommend item 2776,1
Complete garbage item 2777,0
Poor quality item 2778,0
Complete garbage item 2779,0
Do not buy item 2780,0
Best purchase ever item 2781,1
Amazing experience item 2782,1
Poor quality item 2783,0
I love this! item 2784,1
Avoid this item 2785,0
Terrible product item 2786,0
Poor quality item 2787,0
Fantastic quality item 2788,1
I love this! item 2789,1
Best purchase ever item 2790,1
Highly recommend item 2791,1
Fantastic quality item 2792,1
Do not buy item 2793,0
Great product item 2794,1
Best purchase ever item 2795,1
Fantastic quality item 2796,1
I love this! item 2797,1
Poor quality item 2798,0
Avoid this item 2799,0
Best purchase ever item 2800,1
Complete garbage item 2801,0
Excellent service item 2802,1
Do not buy item 2803,0
Highly recommend item 2804,1
Excellent service item 2805,1
Do not buy item 2806,0
Very happy with this item 2807,1
Great product item 2808,1
Waste of money item 2809,0
Great product item 2810,1
Best purchase ever item 2811,1
Great product item 2812,1
I love this! item 2813,1
I love this! item 2814,1
Excellent service item 2815,1
Great product item 2816,1
Very happy with this item 2817,1
Fantastic quality item 2818,1
Highly recommend item 2819,1
Great product item 2820,1
Very disappointed item 2821,0
Great product item 2822,1
Excellent service item 2823,1
Terrible product item 2824,0
Great product item 2825,1
Worst experience item 2826,0
Excellent service item 2827,1
Great product item 2828,1
Poor quality item 2829,0
Very happy with this item 2830,1
Amazing experience item 2831,1
Very happy with this item 2832,1
Terrible product item 2833,0
Very disappointed item 2834,0
Worst experience item 2835,0
Worst experience item 2836,0
Very disappointed item 2837,0
Worst experience item 2838,0
Fantastic quality item 2839,1
Complete garbage item 2840,0
Great product item 2841,1
Do not buy item 2842,0
Great product item 2843,1
Great product item 2844,1
Terrible product item 2845,0
Great product item 2846,1
Terrible product item 2847,0
Waste of money item 2848,0
Complete garbage item 2849,0
Great product item 2850,1
I love this! item 2851,1
Avoid this item 2852,0
Highly recommend item 2853,1
Best purchase ever item 2854,1
Highly recommend item 2855,1
Great product item 2856,1
Avoid this item 2857,0
Fantastic quality item 2858,1
Poor quality item 2859,0
Best purchase ever item 2860,1
Excellent service item 2861,1
Amazing experience item 2862,1
Avoid this item 2863,0
Do not buy item 2864,0
Very happy with this item 2865,1
I love this! item 2866,1
Great product item 2867,1
Very happy with this item 2868,1
Great product item 2869,1
Very disappointed item 2870,0
Highly recommend item 2871,1
Amazing experience item 2872,1
Do not buy item 2873,0
I love this! item 2874,1
Waste of money item 2875,0
Fantastic quality item 2876,1
Poor quality item 2877,0
Worst experience item 2878,0
Waste of money item 2879,0
Fantastic quality item 2880,1
Waste of money item 2881,0
Avoid this item 2882,0
Great product item 2883,1
Terrible product item 2884,0
Highly recommend item 2885,1
I love this! item 2886,1
Fantastic quality item 2887,1
Poor quality item 2888,0
Poor quality item 2889,0
Very disappointed item 2890,0
Waste of money item 2891,0
Avoid this item 2892,0
Highly recommend item 2893,1
Waste of money item 2894,0
Very disappointed item 2895,0
I love this! item 2896,1
Excellent service item 2897,1
Highly recommend item 2898,1
Amazing experience item 2899,1
I love this! item 2900,1
Very disappointed item 2901,0
Great product item 2902,1
Complete garbage item 2903,0
Do not buy item 2904,0
Waste of money item 2905,0
Complete garbage item 2906,0
Fantastic quality item 2907,1
Excellent service item 2908,1
Best purchase ever item 2909,1
Very happy with this item 2910,1
Best purchase ever item 2911,1
Very disappointed item 2912,0
Fantastic quality item 2913,1
Worst experience item 2914,0
Worst experience item 2915,0
Best purchase ever item 2916,1
Excellent service item 2917,1
Highly recommend item 2918,1
Very disappointed item 2919,0
Avoid this item 2920,0
Excellent service item 2921,1
Excellent service item 2922,1
Worst experience item 2923,0
I love this! item 2924,1
Very happy with this item 2925,1
Terrible product item 2926,0
I love this! item 2927,1
I love this! item 2928,1
Complete garbage item 2929,0
Excellent service item 2930,1
Waste of money item 2931,0
Terrible product item 2932,0
Great product item 2933,1
I love this! item 2934,1
Do not buy item 2935,0
Very happy with this item 2936,1
I love this! item 2937,1
Avoid this item 2938,0
Poor quality item 2939,0
Poor quality item 2940,0
Poor quality item 2941,0
Best purchase ever item 2942,1
I love this! item 2943,1
Poor quality item 2944,0
Highly recommend item 2945,1
Waste of money item 2946,0
Waste of money item 2947,0
Excellent service item 2948,1
Very happy with this item 2949,1
Avoid this item 2950,0
Poor quality item 2951,0
Do not buy item 2952,0
Waste of money item 2953,0
Amazing experience item 2954,1
Poor quality item 2955,0
Waste of money item 2956,0
Very happy with this item 2957,1
Best purchase ever item 2958,1
Waste of money item 2959,0
Great product item 2960,1
Excellent service item 2961,1
Very disappointed item 2962,0
Great product item 2963,1
Worst experience item 2964,0
Poor quality item 2965,0
Highly recommend item 2966,1
I love this! item 2967,1
Best purchase ever item 2968,1
Worst experience item 2969,0
Waste of money item 2970,0
Very happy with this item 2971,1
Complete garbage item 2972,0
Great product item 2973,1
Great product item 2974,1
Poor quality item 2975,0
Highly recommend item 2976,1
Excellent service item 2977,1
Do not buy item 2978,0
Amazing experience item 2979,1
I love this! item 2980,1
Worst experience item 2981,0
Complete garbage item 2982,0
Best purchase ever item 2983,1
Worst experience item 2984,0
Amazing experience item 2985,1
I love this! item 2986,1
Very happy with this item 2987,1
Fantastic quality item 2988,1
Complete garbage item 2989,0
Excellent service item 2990,1
Do not buy item 2991,0
Highly recommend item 2992,1
Best purchase ever item 2993,1
Fantastic quality item 2994,1
Avoid this item 2995,0
Excellent service item 2996,1
Terrible product item 2997,0
Avoid this item 2998,0
Highly recommend item 2999,1
I love this! item 3000,1
Waste of money item 3001,0
Worst experience item 3002,0
Fantastic quality item 3003,1
Fantastic quality item 3004,1
Waste of money item 3005,0
Very happy with this item 3006,1
I love this! item 3007,1
Waste of money item 3008,0
Highly recommend item 3009,1
Avoid this item 3010,0
Terrible product item 3011,0
Avoid this item 3012,0
Worst experience item 3013,0
I love this! item 3014,1
Avoid this item 3015,0
Best purchase ever item 3016,1
Great product item 3017,1
I love this! item 3018,1
Terrible product item 3019,0
Poor quality item 3020,0
Amazing experience item 3021,1
Avoid this item 3022,0
Fantastic quality item 3023,1
Complete garbage item 3024,0
Best purchase ever item 3025,1
Waste of money item 3026,0
I love this! item 3027,1
Poor quality item 3028,0
Avoid this item 3029,0
Very happy with this item 3030,1
Complete garbage item 3031,0
I love this! item 3032,1
Terrible product item 3033,0
Very disappointed item 3034,0
Fantastic quality item 3035,1
Poor quality item 3036,0
Very happy with this item 3037,1
Fantastic quality item 3038,1
Avoid this item 3039,0
Very happy with this item 3040,1
Very disappointed item 3041,0
Worst experience item 3042,0
Worst experience item 3043,0
Very disappointed item 3044,0
Amazing experience item 3045,1
Excellent service item 3046,1
Avoid this item 3047,0
Complete garbage item 3048,0
Do not buy item 3049,0
Complete garbage item 3050,0
Very happy with this item 3051,1
Very happy with this item 3052,1
Avoid this item 3053,0
Very disappointed item 3054,0
Very happy with this item 3055,1
Amazing experience item 3056,1
Do not buy item 3057,0
Waste of money item 3058,0
Amazing experience item 3059,1
Amazing experience item 3060,1
Best purchase ever item 3061,1
Waste of money item 3062,0
Poor quality item 3063,0
Best purchase ever item 3064,1
Poor quality item 3065,0
Do not buy item 3066,0
Excellent service item 3067,1
Highly recommend item 3068,1
Highly recommend item 3069,1
Very happy with this item 3070,1
Very disappointed item 3071,0
Very happy with this item 3072,1
Terrible product item 3073,0
Do not buy item 3074,0
Very disappointed item 3075,0
Poor quality item 3076,0
Best purchase ever item 3077,1
Very happy with this item 3078,1
Very happy with this item 3079,1
Amazing experience item 3080,1
Worst experience item 3081,0
Very happy with this item 3082,1
Great product item 3083,1
Terrible product item 3084,0
Best purchase ever item 3085,1
Best purchase ever item 3086,1
Poor quality item 3087,0
Great product item 3088,1
Very disappointed item 3089,0
Fantastic quality item 3090,1
Very happy with this item 3091,1
Excellent service item 3092,1
Excellent service item 3093,1
Very disappointed item 3094,0
Fantastic quality item 3095,1
Very happy with this item 3096,1
Worst experience item 3097,0
Very disappointed item 3098,0
Fantastic quality item 3099,1
Very disappointed item 3100,0
Excellent service item 3101,1
Highly recommend item 3102,1
Very disappointed item 3103,0
Fantastic quality item 3104,1
Very happy with this item 3105,1
I love this! item 3106,1
Terrible product item 3107,0
Avoid this item 3108,0
Best purchase ever item 3109,1
Great product item 3110,1
Worst experience item 3111,0
Fantastic quality item 3112,1
Very happy with this item 3113,1
Excellent service item 3114,1
Waste of money item 3115,0
Worst experience item 3116,0
Do not buy item 3117,0
Very happy with this item 3118,1
Very happy with this item 3119,1
Very disappointed item 3120,0
Fantastic quality item 3121,1
Complete garbage item 3122,0
Fantastic quality item 3123,1
Worst experience item 3124,0
Fantastic quality item 3125,1
Great product item 3126,1
Worst experience item 3127,0
Waste of money item 3128,0
Do not buy item 3129,0
Very happy with this item 3130,1
Terrible product item 3131,0
Complete garbage item 3132,0
Waste of money item 3133,0
Worst experience item 3134,0
Great product item 3135,1
Avoid this item 3136,0
Worst experience item 3137,0
Complete garbage item 3138,0
Excellent service item 3139,1
Terrible product item 3140,0
Do not buy item 3141,0
Fantastic quality item 3142,1
Great product item 3143,1
Very happy with this item 3144,1
Fantastic quality item 3145,1
Excellent service item 3146,1
Avoid this item 3147,0
Avoid this item 3148,0
Amazing experience item 3149,1
Poor quality item 3150,0
Great product item 3151,1
Very happy with this item 3152,1
Best purchase ever item 3153,1
Waste of money item 3154,0
Very happy with this item 3155,1
Complete garbage item 3156,0
Avoid this item 3157,0
Very disappointed item 3158,0
I love this! item 3159,1
I love this! item 3160,1
Highly recommend item 3161,1
Excellent service item 3162,1
Waste of money item 3163,0
Complete garbage item 3164,0
Excellent service item 3165,1
Fantastic quality item 3166,1
Best purchase ever item 3167,1
Amazing experience item 3168,1
Amazing experience item 3169,1
Best purchase ever item 3170,1
Waste of money item 3171,0
Very disappointed item 3172,0
Amazing experience item 3173,1
Excellent service item 3174,1
Waste of money item 3175,0
Great product item 3176,1
Waste of money item 3177,0
Avoid this item 3178,0
I love this! item 3179,1
Poor quality item 3180,0
Excellent service item 3181,1
Excellent service item 3182,1
Best purchase ever item 3183,1
Terrible product item 3184,0
I love this! item 3185,1
Do not buy item 3186,0
Worst experience item 3187,0
Very happy with this item 3188,1
Worst experience item 3189,0
Worst experience item 3190,0
Great product item 3191,1
Terrible product item 3192,0
I love this! item 3193,1
Excellent service item 3194,1
Amazing experience item 3195,1
Worst experience item 3196,0
Very happy with this item 3197,1
Great product item 3198,1
Very happy with this item 3199,1
Poor quality item 3200,0
Waste of money item 3201,0
Poor quality item 3202,0
Great product item 3203,1
Very disappointed item 3204,0
Avoid this item 3205,0
Highly recommend item 3206,1
Worst experience item 3207,0
Complete garbage item 3208,0
Poor quality item 3209,0
Best purchase ever item 3210,1
Very disappointed item 3211,0
Highly recommend item 3212,1
Highly recommend item 3213,1
Worst experience item 3214,0
Great product item 3215,1
Very happy with this item 3216,1
Amazing experience item 3217,1
Avoid this item 3218,0
Poor quality item 3219,0
Excellent service item 3220,1
Terrible product item 3221,0
Avoid this item 3222,0
Very disappointed item 3223,0
Avoid this item 3224,0
Do not buy item 3225,0
Do not buy item 3226,0
Very disappointed item 3227,0
Do not buy item 3228,0
Very happy with this item 3229,1
Terrible product item 3230,0
Amazing experience item 3231,1
I love this! item 3232,1
Great product item 3233,1
Worst experience item 3234,0
Very disappointed item 3235,0
Very happy with this item 3236,1
I love this! item 3237,1
Very happy with this item 3238,1
Amazing experience item 3239,1
Amazing experience item 3240,1
I love this! item 3241,1
Worst experience item 3242,0
Great product item 3243,1
Do not buy item 3244,0
Great product item 3245,1
Great product item 3246,1
Terrible product item 3247,0
Do not buy item 3248,0
Best purchase ever item 3249,1
Excellent service item 3250,1
Excellent service item 3251,1
Very disappointed item 3252,0
Excellent service item 3253,1
Waste of money item 3254,0
Do not buy item 3255,0
Do not buy item 3256,0
Terrible product item 3257,0
Great product item 3258,1
Waste of money item 3259,0
Waste of money item 3260,0
Excellent service item 3261,1
Worst experience item 3262,0
Complete garbage item 3263,0
Complete garbage item 3264,0
Excellent service item 3265,1
Amazing experience item 3266,1
Poor quality item 3267,0
Terrible product item 3268,0
Terrible product item 3269,0
Complete garbage item 3270,0
Amazing experience item 3271,1
Fantastic quality item 3272,1
Avoid this item 3273,0
Fantastic quality item 3274,1
Amazing experience item 3275,1
Avoid this item 3276,0
I love this! item 3277,1
Terrible product item 3278,0
Poor quality item 3279,0
Highly recommend item 3280,1
Very happy with this item 3281,1
I love this! item 3282,1
Very disappointed item 3283,0
Avoid this item 3284,0
Amazing experience item 3285,1
I love this! item 3286,1
Great product item 3287,1
Amazing experience item 3288,1
Best purchase ever item 3289,1
Waste of money item 3290,0
Highly recommend item 3291,1
I love this! item 3292,1
Very disappointed item 3293,0
Do not buy item 3294,0
Excellent service item 3295,1
Fantastic quality item 3296,1
Great product item 3297,1
Excellent service item 3298,1
Worst experience item 3299,0
Terrible product item 3300,0
Worst experience item 3301,0
Amazing experience item 3302,1
Very happy with this item 3303,1
Complete garbage item 3304,0
Do not buy item 3305,0
Best purchase ever item 3306,1
Worst experience item 3307,0
Waste of money item 3308,0
Poor quality item 3309,0
Poor quality item 3310,0
Amazing experience item 3311,1
Great product item 3312,1
I love this! item 3313,1
Highly recommend item 3314,1
Great product item 3315,1
Waste of money item 3316,0
Fantastic quality item 3317,1
Poor quality item 3318,0
Waste of money item 3319,0
Very happy with this item 3320,1
Terrible product item 3321,0
Highly recommend item 3322,1
Highly recommend item 3323,1
Best purchase ever item 3324,1
Complete garbage item 3325,0
Highly recommend item 3326,1
Very disappointed item 3327,0
Avoid this item 3328,0
Fantastic quality item 3329,1
Great product item 3330,1
Poor quality item 3331,0
Great product item 3332,1
Complete garbage item 3333,0
Complete garbage item 3334,0
Highly recommend item 3335,1
Best purchase ever item 3336,1
Do not buy item 3337,0
Best purchase ever item 3338,1
Very disappointed item 3339,0
Do not buy item 3340,0
I love this! item 3341,1
Fantastic quality item 3342,1
Waste of money item 3343,0
Avoid this item 3344,0
Great product item 3345,1
Excellent service item 3346,1
Very happy with this item 3347,1
Great product item 3348,1
Great product item 3349,1
Great product item 3350,1
Amazing experience item 3351,1
I love this! item 3352,1
Very happy with this item 3353,1
Highly recommend item 3354,1
Waste of money item 3355,0
Waste of money item 3356,0
I love this! item 3357,1
Fantastic quality item 3358,1
Poor quality item 3359,0
Amazing experience item 3360,1
Avoid this item 3361,0
Very happy with this item 3362,1
Poor quality item 3363,0
Complete garbage item 3364,0
Poor quality item 3365,0
Amazing experience item 3366,1
Excellent service item 3367,1
Avoid this item 3368,0
Avoid this item 3369,0
Great product item 3370,1
Great product item 3371,1
Amazing experience item 3372,1
Poor quality item 3373,0
Very happy with this item 3374,1
Waste of money item 3375,0
Great product item 3376,1
Great product item 3377,1
Do not buy item 3378,0
Worst experience item 3379,0
Amazing experience item 3380,1
Very disappointed item 3381,0
Complete garbage item 3382,0
Worst experience item 3383,0
Great product item 3384,1
Terrible product item 3385,0
Complete garbage item 3386,0
Highly recommend item 3387,1
Excellent service item 3388,1
Waste of money item 3389,0
Highly recommend item 3390,1
Waste of money item 3391,0
Best purchase ever item 3392,1
I love this! item 3393,1
Worst experience item 3394,0
Do not buy item 3395,0
Complete garbage item 3396,0
Amazing experience item 3397,1
Terrible product item 3398,0
Poor quality item 3399,0
Waste of money item 3400,0
Waste of money item 3401,0
Complete garbage item 3402,0
Great product item 3403,1
Waste of money item 3404,0
Terrible product item 3405,0
Amazing experience item 3406,1
I love this! item 3407,1
Excellent service item 3408,1
Amazing experience item 3409,1
Fantastic quality item 3410,1
Waste of money item 3411,0
Great product item 3412,1
Poor quality item 3413,0
Fantastic quality item 3414,1
Waste of money item 3415,0
Fantastic quality item 3416,1
Worst experience item 3417,0
Avoid this item 3418,0
Complete garbage item 3419,0
Amazing experience item 3420,1
Amazing experience item 3421,1
Poor quality item 3422,0
Fantastic quality item 3423,1
Amazing experience item 3424,1
Do not buy item 3425,0
Excellent service item 3426,1
Do not buy item 3427,0
Highly recommend item 3428,1
Very happy with this item 3429,1
Fantastic quality item 3430,1
Poor quality item 3431,0
Fantastic quality item 3432,1
Do not buy item 3433,0
Do not buy item 3434,0
Highly recommend item 3435,1
Very happy with this item 3436,1
Highly recommend item 3437,1
I love this! item 3438,1
Poor quality item 3439,0
Fantastic quality item 3440,1
Fantastic quality item 3441,1
Avoid this item 3442,0
Do not buy item 3443,0
Do not buy item 3444,0
Great product item 3445,1
Highly recommend item 3446,1
Very happy with this item 3447,1
Terrible product item 3448,0
Waste of money item 3449,0
Excellent service item 3450,1
Terrible product item 3451,0
Great product item 3452,1
Highly recommend item 3453,1
Fantastic quality item 3454,1
Amazing experience item 3455,1
Amazing experience item 3456,1
Waste of money item 3457,0
Waste of money item 3458,0
Avoid this item 3459,0
Complete garbage item 3460,0
Fantastic quality item 3461,1
Amazing experience item 3462,1
Do not buy item 3463,0
Fantastic quality item 3464,1
Worst experience item 3465,0
Poor quality item 3466,0
Very happy with this item 3467,1
Excellent service item 3468,1
Do not buy item 3469,0
Poor quality item 3470,0
I love this! item 3471,1
Amazing experience item 3472,1
Great product item 3473,1
Do not buy item 3474,0
Worst experience item 3475,0
Terrible product item 3476,0
Waste of money item 3477,0
Amazing experience item 3478,1
Highly recommend item 3479,1
Waste of money item 3480,0
Complete garbage item 3481,0
Complete garbage item 3482,0
Excellent service item 3483,1
Amazing experience item 3484,1
Amazing experience item 3485,1
Great product item 3486,1
Highly recommend item 3487,1
I love this! item 3488,1
Very happy with this item 3489,1
Complete garbage item 3490,0
Worst experience item 3491,0
Do not buy item 3492,0
Excellent service item 3493,1
Waste of money item 3494,0
I love this! item 3495,1
Excellent service item 3496,1
Fantastic quality item 3497,1
Highly recommend item 3498,1
Great product item 3499,1
Poor quality item 3500,0
I love this! item 3501,1
Terrible product item 3502,0
Highly recommend item 3503,1
Do not buy item 3504,0
Poor quality item 3505,0
Very happy with this item 3506,1
Worst experience item 3507,0
Very happy with this item 3508,1
Excellent service item 3509,1
Very happy with this item 3510,1
Fantastic quality item 3511,1
Great product item 3512,1
Great product item 3513,1
Poor quality item 3514,0
Best purchase ever item 3515,1
Do not buy item 3516,0
Avoid this item 3517,0
Waste of money item 3518,0
Very happy with this item 3519,1
Amazing experience item 3520,1
Do not buy item 3521,0
Amazing experience item 3522,1
Very disappointed item 3523,0
Best purchase ever item 3524,1
I love this! item 3525,1
Very happy with this item 3526,1
Great product item 3527,1
Terrible product item 3528,0
Waste of money item 3529,0
Do not buy item 3530,0
Complete garbage item 3531,0
Do not buy item 3532,0
Waste of money item 3533,0
Worst experience item 3534,0
Great product item 3535,1
Terrible product item 3536,0
Highly recommend item 3537,1
Worst experience item 3538,0
Very happy with this item 3539,1
Avoid this item 3540,0
Excellent service item 3541,1
Very happy with this item 3542,1
Worst experience item 3543,0
Poor quality item 3544,0
Avoid this item 3545,0
Great product item 3546,1
Best purchase ever item 3547,1
Terrible product item 3548,0
Amazing experience item 3549,1
I love this! item 3550,1
Terrible product item 3551,0
Worst experience item 3552,0
Poor quality item 3553,0
Avoid this item 3554,0
Excellent service item 3555,1
Very happy with this item 3556,1
Avoid this item 3557,0
Very happy with this item 3558,1
Fantastic quality item 3559,1
Best purchase ever item 3560,1
Great product item 3561,1
Waste of money item 3562,0
I love this! item 3563,1
Do not buy item 3564,0
Great product item 3565,1
I love this! item 3566,1
Waste of money item 3567,0
Very disappointed item 3568,0
Do not buy item 3569,0
Avoid this item 3570,0
Terrible product item 3571,0
Highly recommend item 3572,1
Fantastic quality item 3573,1
Very disappointed item 3574,0
Avoid this item 3575,0
I love this! item 3576,1
Amazing experience item 3577,1
Complete garbage item 3578,0
Very happy with this item 3579,1
Do not buy item 3580,0
Terrible product item 3581,0
Excellent service item 3582,1
Very disappointed item 3583,0
Best purchase ever item 3584,1
Poor quality item 3585,0
Terrible product item 3586,0
Amazing experience item 3587,1
Very disappointed item 3588,0
Do not buy item 3589,0
Amazing experience item 3590,1
Excellent service item 3591,1
Amazing experience item 3592,1
I love this! item 3593,1
Highly recommend item 3594,1
Do not buy item 3595,0
Very happy with this item 3596,1
Poor quality item 3597,0
Do not buy item 3598,0
I love this! item 3599,1
Do not buy item 3600,0
Amazing experience item 3601,1
Poor quality item 3602,0
Very happy with this item 3603,1
I love this! item 3604,1
Amazing experience item 3605,1
Great product item 3606,1
Complete garbage item 3607,0
Great product item 3608,1
Do not buy item 3609,0
Terrible product item 3610,0
Very happy with this item 3611,1
Avoid this item 3612,0
Amazing experience item 3613,1
Poor quality item 3614,0
Amazing experience item 3615,1
Worst experience item 3616,0
I love this! item 3617,1
Worst experience item 3618,0
Very disappointed item 3619,0
Very happy with this item 3620,1
Waste of money item 3621,0
Worst experience item 3622,0
Best purchase ever item 3623,1
Poor quality item 3624,0
Great product item 3625,1
Amazing experience item 3626,1
Very disappointed item 3627,0
Waste of money item 3628,0
Avoid this item 3629,0
Complete garbage item 3630,0
Avoid this item 3631,0
Highly recommend item 3632,1
Complete garbage item 3633,0
Worst experience item 3634,0
Excellent service item 3635,1
Best purchase ever item 3636,1
Fantastic quality item 3637,1
Poor quality item 3638,0
Best purchase ever item 3639,1
I love this! item 3640,1
Complete garbage item 3641,0
Do not buy item 3642,0
Terrible product item 3643,0
Highly recommend item 3644,1
Fantastic quality item 3645,1
Terrible product item 3646,0
Terrible product item 3647,0
Terrible product item 3648,0
Fantastic quality item 3649,1
Poor quality item 3650,0
Very disappointed item 3651,0
Very happy with this item 3652,1
Very disappointed item 3653,0
Waste of money item 3654,0
Fantastic quality item 3655,1
Very happy with this item 3656,1
Terrible product item 3657,0
Highly recommend item 3658,1
Amazing experience item 3659,1
Complete garbage item 3660,0
Complete garbage item 3661,0
Very disappointed item 3662,0
Waste of money item 3663,0
Very happy with this item 3664,1
Waste of money item 3665,0
Amazing experience item 3666,1
Do not buy item 3667,0
Do not buy item 3668,0
Worst experience item 3669,0
Complete garbage item 3670,0
Amazing experience item 3671,1
Terrible product item 3672,0
Very happy with this item 3673,1
Best purchase ever item 3674,1
Do not buy item 3675,0
Worst experience item 3676,0
Complete garbage item 3677,0
I love this! item 3678,1
Terrible product item 3679,0
Fantastic quality item 3680,1
I love this! item 3681,1
Do not buy item 3682,0
Waste of money item 3683,0
Fantastic quality item 3684,1
Best purchase ever item 3685,1
Waste of money item 3686,0
Very disappointed item 3687,0
Amazing experience item 3688,1
Complete garbage item 3689,0
Very disappointed item 3690,0
Waste of money item 3691,0
I love this! item 3692,1
Avoid this item 3693,0
Fantastic quality item 3694,1
Poor quality item 3695,0
Best purchase ever item 3696,1
Avoid this item 3697,0
Complete garbage item 3698,0
Do not buy item 3699,0
Worst experience item 3700,0
Poor quality item 3701,0
Very happy with this item 3702,1
Complete garbage item 3703,0
Terrible product item 3704,0
Great product item 3705,1
Best purchase ever item 3706,1
Worst experience item 3707,0
Complete garbage item 3708,0
Best purchase ever item 3709,1
Waste of money item 3710,0
Terrible product item 3711,0
Very happy with this item 3712,1
Waste of money item 3713,0
Very disappointed item 3714,0
Best purchase ever item 3715,1
Best purchase ever item 3716,1
Highly recommend item 3717,1
I love this! item 3718,1
Highly recommend item 3719,1
Very disappointed item 3720,0
Worst experience item 3721,0
Excellent service item 3722,1
I love this! item 3723,1
Poor quality item 3724,0
Very happy with this item 3725,1
Highly recommend item 3726,1
Avoid this item 3727,0
Worst experience item 3728,0
Best purchase ever item 3729,1
Worst experience item 3730,0
Fantastic quality item 3731,1
Great product item 3732,1
Waste of money item 3733,0
Worst experience item 3734,0
Excellent service item 3735,1
Avoid this item 3736,0
Do not buy item 3737,0
Excellent service item 3738,1
Best purchase ever item 3739,1
Worst experience item 3740,0
Amazing experience item 3741,1
Very disappointed item 3742,0
Terrible product item 3743,0
Excellent service item 3744,1
Do not buy item 3745,0
Avoid this item 3746,0
Worst experience item 3747,0
Excellent service item 3748,1
Excellent service item 3749,1
Very happy with this item 3750,1
Fantastic quality item 3751,1
Very happy with this item 3752,1
Amazing experience item 3753,1
Excellent service item 3754,1
Fantastic quality item 3755,1
Worst experience item 3756,0
I love this! item 3757,1
Excellent service item 3758,1
Excellent service item 3759,1
Great product item 3760,1
I love this! item 3761,1
Do not buy item 3762,0
Fantastic quality item 3763,1
Very disappointed item 3764,0
Poor quality item 3765,0
Very happy with this item 3766,1
Amazing experience item 3767,1
Poor quality item 3768,0
Waste of money item 3769,0
Terrible product item 3770,0
Best purchase ever item 3771,1
Amazing experience item 3772,1
I love this! item 3773,1
Very disappointed item 3774,0
Amazing experience item 3775,1
Amazing experience item 3776,1
Waste of money item 3777,0
Highly recommend item 3778,1
Highly recommend item 3779,1
Excellent service item 3780,1
Terrible product item 3781,0
Terrible product item 3782,0
Avoid this item 3783,0
Very happy with this item 3784,1
Very happy with this item 3785,1
Worst experience item 3786,0
Fantastic quality item 3787,1
I love this! item 3788,1
Waste of money item 3789,0
Highly recommend item 3790,1
Complete garbage item 3791,0
Terrible product item 3792,0
Do not buy item 3793,0
Terrible product item 3794,0
Terrible product item 3795,0
Best purchase ever item 3796,1
Fantastic quality item 3797,1
Waste of money item 3798,0
Waste of money item 3799,0
Waste of money item 3800,0
Do not buy item 3801,0
Very disappointed item 3802,0
Terrible product item 3803,0
Fantastic quality item 3804,1
Amazing experience item 3805,1
Very happy with this item 3806,1
Poor quality item 3807,0
Poor quality item 3808,0
Avoid this item 3809,0
Complete garbage item 3810,0
Worst experience item 3811,0
Terrible product item 3812,0
Excellent service item 3813,1
Terrible product item 3814,0
Very disappointed item 3815,0
Very disappointed item 3816,0
Fantastic quality item 3817,1
Poor quality item 3818,0
Poor quality item 3819,0
Amazing experience item 3820,1
Waste of money item 3821,0
Fantastic quality item 3822,1
Poor quality item 3823,0
Very happy with this item 3824,1
Waste of money item 3825,0
Complete garbage item 3826,0
Best purchase ever item 3827,1
Great product item 3828,1
Waste of money item 3829,0
Great product item 3830,1
Terrible product item 3831,0
Very happy with this item 3832,1
Very disappointed item 3833,0
Best purchase ever item 3834,1
Very disappointed item 3835,0
Excellent service item 3836,1
Avoid this item 3837,0
Do not buy item 3838,0
Avoid this item 3839,0
Amazing experience item 3840,1
Very disappointed item 3841,0
Avoid this item 3842,0
Terrible product item 3843,0
Poor quality item 3844,0
Great product item 3845,1
Fantastic quality item 3846,1
Terrible product item 3847,0
Complete garbage item 3848,0
Very happy with this item 3849,1
Waste of money item 3850,0
Terrible product item 3851,0
Excellent service item 3852,1
Best purchase ever item 3853,1
Worst experience item 3854,0
Worst experience item 3855,0
Waste of money item 3856,0
Highly recommend item 3857,1
I love this! item 3858,1
Fantastic quality item 3859,1
Worst experience item 3860,0
Highly recommend item 3861,1
Highly recommend item 3862,1
Fantastic quality item 3863,1
Do not buy item 3864,0
Waste of money item 3865,0
Worst experience item 3866,0
Amazing experience item 3867,1
Very disappointed item 3868,0
Avoid this item 3869,0
Waste of money item 3870,0
Very disappointed item 3871,0
I love this! item 3872,1
Very happy with this item 3873,1
Very happy with this item 3874,1
Waste of money item 3875,0
Terrible product item 3876,0
Very happy with this item 3877,1
Amazing experience item 3878,1
Avoid this item 3879,0
Amazing experience item 3880,1
Waste of money item 3881,0
Best purchase ever item 3882,1
Waste of money item 3883,0
Very happy with this item 3884,1
Worst experience item 3885,0
Fantastic quality item 3886,1
Terrible product item 3887,0
Fantastic quality item 3888,1
Poor quality item 3889,0
Amazing experience item 3890,1
Highly recommend item 3891,1
Very happy with this item 3892,1
Amazing experience item 3893,1
Complete garbage item 3894,0
Poor quality item 3895,0
Best purchase ever item 3896,1
Very disappointed item 3897,0
Highly recommend item 3898,1
Amazing experience item 3899,1
Terrible product item 3900,0
Complete garbage item 3901,0
Fantastic quality item 3902,1
Complete garbage item 3903,0
Do not buy item 3904,0
Excellent service item 3905,1
Great product item 3906,1
Amazing experience item 3907,1
Do not buy item 3908,0
I love this! item 3909,1
Very disappointed item 3910,0
Complete garbage item 3911,0
Amazing experience item 3912,1
Complete garbage item 3913,0
Poor quality item 3914,0
Terrible product item 3915,0
Worst experience item 3916,0
Highly recommend item 3917,1
Very happy with this item 3918,1
Waste of money item 3919,0
Worst experience item 3920,0
Fantastic quality item 3921,1
Amazing experience item 3922,1
Terrible product item 3923,0
I love this! item 3924,1
Amazing experience item 3925,1
Complete garbage item 3926,0
I love this! item 3927,1
Waste of money item 3928,0
Worst experience item 3929,0
Worst experience item 3930,0
Great product item 3931,1
Very happy with this item 3932,1
Great product item 3933,1
Very happy with this item 3934,1
Complete garbage item 3935,0
Avoid this item 3936,0
Waste of money item 3937,0
Best purchase ever item 3938,1
Poor quality item 3939,0
Avoid this item 3940,0
Amazing experience item 3941,1
Worst experience item 3942,0
Waste of money item 3943,0
Great product item 3944,1
Complete garbage item 3945,0
Best purchase ever item 3946,1
Terrible product item 3947,0
Avoid this item 3948,0
I love this! item 3949,1
Fantastic quality item 3950,1
Highly recommend item 3951,1
Amazing experience item 3952,1
Terrible product item 3953,0
Avoid this item 3954,0
Complete garbage item 3955,0
Poor quality item 3956,0
Amazing experience item 3957,1
Very disappointed item 3958,0
Very happy with this item 3959,1
Waste of money item 3960,0
Excellent service item 3961,1
Excellent service item 3962,1
Best purchase ever item 3963,1
Do not buy item 3964,0
Very happy with this item 3965,1
Amazing experience item 3966,1
Amazing experience item 3967,1
I love this! item 3968,1
Avoid this item 3969,0
Amazing experience item 3970,1
Great product item 3971,1
I love this! item 3972,1
Very disappointed item 3973,0
Great product item 3974,1
Highly recommend item 3975,1
Avoid this item 3976,0
Best purchase ever item 3977,1
Poor quality item 3978,0
Do not buy item 3979,0
Excellent service item 3980,1
Very happy with this item 3981,1
I love this! item 3982,1
Fantastic quality item 3983,1
Terrible product item 3984,0
Do not buy item 3985,0
Great product item 3986,1
Very disappointed item 3987,0
Very happy with this item 3988,1
I love this! item 3989,1
Terrible product item 3990,0
Waste of money item 3991,0
Fantastic quality item 3992,1
Poor quality item 3993,0
Fantastic quality item 3994,1
Fantastic quality item 3995,1
Waste of money item 3996,0
Terrible product item 3997,0
Great product item 3998,1
Very disappointed item 3999,0
Best purchase ever item 4000,1
Best purchase ever item 4001,1
I love this! item 4002,1
Very disappointed item 4003,0
Fantastic quality item 4004,1
Very happy with this item 4005,1
Do not buy item 4006,0
Poor quality item 4007,0
Very happy with this item 4008,1
Complete garbage item 4009,0
Excellent service item 4010,1
Highly recommend item 4011,1
Amazing experience item 4012,1
Avoid this item 4013,0
Very happy with this item 4014,1
Excellent service item 4015,1
Complete garbage item 4016,0
Poor quality item 4017,0
Waste of money item 4018,0
Waste of money item 4019,0
Best purchase ever item 4020,1
Very happy with this item 4021,1
Do not buy item 4022,0
Complete garbage item 4023,0
Excellent service item 4024,1
Amazing experience item 4025,1
Amazing experience item 4026,1
Do not buy item 4027,0
Complete garbage item 4028,0
Avoid this item 4029,0
Great product item 4030,1
I love this! item 4031,1
I love this! item 4032,1
Very disappointed item 4033,0
Great product item 4034,1
Great product item 4035,1
Very happy with this item 4036,1
Waste of money item 4037,0
Worst experience item 4038,0
Complete garbage item 4039,0
Terrible product item 4040,0
Great product item 4041,1
Best purchase ever item 4042,1
Excellent service item 4043,1
Poor quality item 4044,0
Amazing experience item 4045,1
Avoid this item 4046,0
Complete garbage item 4047,0
Avoid this item 4048,0
Terrible product item 4049,0
Complete garbage item 4050,0
Excellent service item 4051,1
Highly recommend item 4052,1
Avoid this item 4053,0
Highly recommend item 4054,1
Complete garbage item 4055,0
Complete garbage item 4056,0
Terrible product item 4057,0
Poor quality item 4058,0
Great product item 4059,1
Worst experience item 4060,0
Do not buy item 4061,0
Great product item 4062,1
Very happy with this item 4063,1
Waste of money item 4064,0
Amazing experience item 4065,1
Great product item 4066,1
Very happy with this item 4067,1
Do not buy item 4068,0
Complete garbage item 4069,0
Complete garbage item 4070,0
Waste of money item 4071,0
Avoid this item 4072,0
Best purchase ever item 4073,1
Complete garbage item 4074,0
Worst experience item 4075,0
Waste of money item 4076,0
Very disappointed item 4077,0
Highly recommend item 4078,1
Great product item 4079,1
Avoid this item 4080,0
Very disappointed item 4081,0
Very happy with this item 4082,1
Very happy with this item 4083,1
Very happy with this item 4084,1
Do not buy item 4085,0
Avoid this item 4086,0
Avoid this item 4087,0
Amazing experience item 4088,1
Poor quality item 4089,0
Poor quality item 4090,0
Great product item 4091,1
Amazing experience item 4092,1
Highly recommend item 4093,1
Very disappointed item 4094,0
Best purchase ever item 4095,1
Very happy with this item 4096,1
Worst experience item 4097,0
Very disappointed item 4098,0
Best purchase ever item 4099,1
Highly recommend item 4100,1
Do not buy item 4101,0
Poor quality item 4102,0
I love this! item 4103,1
Best purchase ever item 4104,1
Excellent service item 4105,1
Highly recommend item 4106,1
Excellent service item 4107,1
Avoid this item 4108,0
Highly recommend item 4109,1
Terrible product item 4110,0
Very disappointed item 4111,0
Waste of money item 4112,0
Complete garbage item 4113,0
Excellent service item 4114,1
Do not buy item 4115,0
Great product item 4116,1
Poor quality item 4117,0
Avoid this item 4118,0
Do not buy item 4119,0
I love this! item 4120,1
Worst experience item 4121,0
Highly recommend item 4122,1
Complete garbage item 4123,0
Best purchase ever item 4124,1
Very disappointed item 4125,0
Avoid this item 4126,0
Worst experience item 4127,0
Very happy with this item 4128,1
Worst experience item 4129,0
Terrible product item 4130,0
Highly recommend item 4131,1
Poor quality item 4132,0
Very happy with this item 4133,1
Waste of money item 4134,0
Amazing experience item 4135,1
Avoid this item 4136,0
Best purchase ever item 4137,1
Waste of money item 4138,0
Excellent service item 4139,1
Avoid this item 4140,0
Highly recommend item 4141,1
Avoid this item 4142,0
Waste of money item 4143,0
Do not buy item 4144,0
Amazing experience item 4145,1
Waste of money item 4146,0
Complete garbage item 4147,0
Worst experience item 4148,0
Do not buy item 4149,0
Amazing experience item 4150,1
Amazing experience item 4151,1
Excellent service item 4152,1
Great product item 4153,1
Best purchase ever item 4154,1
Very happy with this item 4155,1
Poor quality item 4156,0
Poor quality item 4157,0
Best purchase ever item 4158,1
Do not buy item 4159,0
Great product item 4160,1
Very disappointed item 4161,0
Excellent service item 4162,1
Terrible product item 4163,0
Waste of money item 4164,0
Worst experience item 4165,0
Very disappointed item 4166,0
Very happy with this item 4167,1
Complete garbage item 4168,0
Poor quality item 4169,0
Very happy with this item 4170,1
Best purchase ever item 4171,1
I love this! item 4172,1
Best purchase ever item 4173,1
Best purchase ever item 4174,1
Waste of money item 4175,0
Amazing experience item 4176,1
Worst experience item 4177,0
Complete garbage item 4178,0
Best purchase ever item 4179,1
Terrible product item 4180,0
Fantastic quality item 4181,1
Amazing experience item 4182,1
Excellent service item 4183,1
Poor quality item 4184,0
Great product item 4185,1
Complete garbage item 4186,0
Excellent service item 4187,1
Best purchase ever item 4188,1
Worst experience item 4189,0
Fantastic quality item 4190,1
Complete garbage item 4191,0
Amazing experience item 4192,1
Do not buy item 4193,0
Do not buy item 4194,0
Great product item 4195,1
I love this! item 4196,1
Worst experience item 4197,0
Complete garbage item 4198,0
Worst experience item 4199,0
Excellent service item 4200,1
Very disappointed item 4201,0
Great product item 4202,1
Fantastic quality item 4203,1
Complete garbage item 4204,0
Do not buy item 4205,0
I love this! item 4206,1
Great product item 4207,1
Excellent service item 4208,1
Terrible product item 4209,0
Fantastic quality item 4210,1
Amazing experience item 4211,1
Amazing experience item 4212,1
Best purchase ever item 4213,1
I love this! item 4214,1
Do not buy item 4215,0
Waste of money item 4216,0
I love this! item 4217,1
Poor quality item 4218,0
I love this! item 4219,1
Very disappointed item 4220,0
Poor quality item 4221,0
Amazing experience item 4222,1
Complete garbage item 4223,0
Complete garbage item 4224,0
Fantastic quality item 4225,1
Complete garbage item 4226,0
Poor quality item 4227,0
Best purchase ever item 4228,1
Highly recommend item 4229,1
Worst experience item 4230,0
Complete garbage item 4231,0
Fantastic quality item 4232,1
Very happy with this item 4233,1
Excellent service item 4234,1
Do not buy item 4235,0
Excellent service item 4236,1
Terrible product item 4237,0
Avoid this item 4238,0
Do not buy item 4239,0
Complete garbage item 4240,0
Amazing experience item 4241,1
Avoid this item 4242,0
Poor quality item 4243,0
Do not buy item 4244,0
I love this! item 4245,1
Highly recommend item 4246,1
Very happy with this item 4247,1
Excellent service item 4248,1
I love this! item 4249,1
Avoid this item 4250,0
Fantastic quality item 4251,1
Best purchase ever item 4252,1
Avoid this item 4253,0
I love this! item 4254,1
Very happy with this item 4255,1
Worst experience item 4256,0
Great product item 4257,1
Fantastic quality item 4258,1
Great product item 4259,1
Terrible product item 4260,0
I love this! item 4261,1
Amazing experience item 4262,1
Worst experience item 4263,0
Complete garbage item 4264,0
Poor quality item 4265,0
I love this! item 4266,1
Great product item 4267,1
Poor quality item 4268,0
Excellent service item 4269,1
Excellent service item 4270,1
Worst experience item 4271,0
I love this! item 4272,1
Very happy with this item 4273,1
Poor quality item 4274,0
Do not buy item 4275,0
Waste of money item 4276,0
Excellent service item 4277,1
Amazing experience item 4278,1
Great product item 4279,1
Best purchase ever item 4280,1
Waste of money item 4281,0
Worst experience item 4282,0
Avoid this item 4283,0
Excellent service item 4284,1
Great product item 4285,1
Great product item 4286,1
Amazing experience item 4287,1
Highly recommend item 4288,1
Worst experience item 4289,0
Fantastic quality item 4290,1
Waste of money item 4291,0
Complete garbage item 4292,0
Great product item 4293,1
Very disappointed item 4294,0
Great product item 4295,1
Amazing experience item 4296,1
Great product item 4297,1
Do not buy item 4298,0
Poor quality item 4299,0
Very happy with this item 4300,1
Worst experience item 4301,0
Worst experience item 4302,0
Great product item 4303,1
Best purchase ever item 4304,1
Poor quality item 4305,0
Poor quality item 4306,0
Great product item 4307,1
Amazing experience item 4308,1
Complete garbage item 4309,0
Poor quality item 4310,0
Worst experience item 4311,0
Highly recommend item 4312,1
Excellent service item 4313,1
Great product item 4314,1
I love this! item 4315,1
Amazing experience item 4316,1
I love this! item 4317,1
Worst experience item 4318,0
Excellent service item 4319,1
Amazing experience item 4320,1
Complete garbage item 4321,0
Worst experience item 4322,0
Complete garbage item 4323,0
Excellent service item 4324,1
Excellent service item 4325,1
Highly recommend item 4326,1
Do not buy item 4327,0
Terrible product item 4328,0
Avoid this item 4329,0
Complete garbage item 4330,0
Do not buy item 4331,0
Terrible product item 4332,0
Very happy with this item 4333,1
Waste of money item 4334,0
I love this! item 4335,1
Do not buy item 4336,0
Poor quality item 4337,0
Very happy with this item 4338,1
Avoid this item 4339,0
Complete garbage item 4340,0
Amazing experience item 4341,1
Very happy with this item 4342,1
Great product item 4343,1
Amazing experience item 4344,1
Terrible product item 4345,0
Do not buy item 4346,0
Fantastic quality item 4347,1
Excellent service item 4348,1
Fantastic quality item 4349,1
Highly recommend item 4350,1
Very happy with this item 4351,1
Avoid this item 4352,0
I love this! item 4353,1
Excellent service item 4354,1
Waste of money item 4355,0
Do not buy item 4356,0
Best purchase ever item 4357,1
Very happy with this item 4358,1
Highly recommend item 4359,1
Terrible product item 4360,0
Fantastic quality item 4361,1
Do not buy item 4362,0
I love this! item 4363,1
Best purchase ever item 4364,1
Waste of money item 4365,0
Terrible product item 4366,0
Avoid this item 4367,0
Highly recommend item 4368,1
Terrible product item 4369,0
Best purchase ever item 4370,1
Great product item 4371,1
Fantastic quality item 4372,1
I love this! item 4373,1
Terrible product item 4374,0
Worst experience item 4375,0
Poor quality item 4376,0
Fantastic quality item 4377,1
Fantastic quality item 4378,1
Waste of money item 4379,0
Highly recommend item 4380,1
Complete garbage item 4381,0
Fantastic quality item 4382,1
Great product item 4383,1
Highly recommend item 4384,1
Complete garbage item 4385,0
I love this! item 4386,1
Amazing experience item 4387,1
Highly recommend item 4388,1
Great product item 4389,1
Very disappointed item 4390,0
Fantastic quality item 4391,1
Very disappointed item 4392,0
Worst experience item 4393,0
Do not buy item 4394,0
I love this! item 4395,1
Excellent service item 4396,1
Highly recommend item 4397,1
Avoid this item 4398,0
Excellent service item 4399,1
I love this! item 4400,1
Excellent service item 4401,1
I love this! item 4402,1
Waste of money item 4403,0
Worst experience item 4404,0
Highly recommend item 4405,1
Do not buy item 4406,0
Terrible product item 4407,0
Worst experience item 4408,0
Amazing experience item 4409,1
Excellent service item 4410,1
Very happy with this item 4411,1
Best purchase ever item 4412,1
Worst experience item 4413,0
Worst experience item 4414,0
I love this! item 4415,1
Highly recommend item 4416,1
Worst experience item 4417,0
Amazing experience item 4418,1
Very happy with this item 4419,1
Poor quality item 4420,0
Fantastic quality item 4421,1
Amazing experience item 4422,1
Terrible product item 4423,0
Very happy with this item 4424,1
Waste of money item 4425,0
Worst experience item 4426,0
Very disappointed item 4427,0
Very disappointed item 4428,0
Very disappointed item 4429,0
Poor quality item 4430,0
Great product item 4431,1
Amazing experience item 4432,1
Do not buy item 4433,0
Highly recommend item 4434,1
Waste of money item 4435,0
Waste of money item 4436,0
Very happy with this item 4437,1
Waste of money item 4438,0
I love this! item 4439,1
I love this! item 4440,1
Fantastic quality item 4441,1
Very happy with this item 4442,1
Poor quality item 4443,0
Worst experience item 4444,0
Terrible product item 4445,0
Terrible product item 4446,0
Highly recommend item 4447,1
Complete garbage item 4448,0
Very happy with this item 4449,1
Excellent service item 4450,1
Great product item 4451,1
Excellent service item 4452,1
Terrible product item 4453,0
Very disappointed item 4454,0
Avoid this item 4455,0
Amazing experience item 4456,1
Waste of money item 4457,0
Very disappointed item 4458,0
Waste of money item 4459,0
Great product item 4460,1
Waste of money item 4461,0
Excellent service item 4462,1
Waste of money item 4463,0
Excellent service item 4464,1
Amazing experience item 4465,1
Worst experience item 4466,0
Do not buy item 4467,0
Terrible product item 4468,0
Worst experience item 4469,0
I love this! item 4470,1
Very disappointed item 4471,0
Excellent service item 4472,1
Terrible product item 4473,0
Worst experience item 4474,0
Waste of money item 4475,0
I love this! item 4476,1
Complete garbage item 4477,0
Do not buy item 4478,0
Complete garbage item 4479,0
Fantastic quality item 4480,1
Great product item 4481,1
Terrible product item 4482,0
Great product item 4483,1
Avoid this item 4484,0
Amazing experience item 4485,1
Highly recommend item 4486,1
Very disappointed item 4487,0
Excellent service item 4488,1
Avoid this item 4489,0
I love this! item 4490,1
Avoid this item 4491,0
Waste of money item 4492,0
Waste of money item 4493,0
Poor quality item 4494,0
Very happy with this item 4495,1
Terrible product item 4496,0
I love this! item 4497,1
Do not buy item 4498,0
Fantastic quality item 4499,1
Worst experience item 4500,0
Very happy with this item 4501,1
Do not buy item 4502,0
Best purchase ever item 4503,1
Very happy with this item 4504,1
I love this! item 4505,1
Terrible product item 4506,0
Highly recommend item 4507,1
Do not buy item 4508,0
Great product item 4509,1
Great product item 4510,1
Fantastic quality item 4511,1
Amazing experience item 4512,1
Avoid this item 4513,0
Great product item 4514,1
Poor quality item 4515,0
Complete garbage item 4516,0
Avoid this item 4517,0
Waste of money item 4518,0
Very happy with this item 4519,1
Do not buy item 4520,0
Very happy with this item 4521,1
Avoid this item 4522,0
Do not buy item 4523,0
Highly recommend item 4524,1
I love this! item 4525,1
Fantastic quality item 4526,1
Poor quality item 4527,0
Terrible product item 4528,0
Very happy with this item 4529,1
Do not buy item 4530,0
Fantastic quality item 4531,1
Terrible product item 4532,0
Worst experience item 4533,0
Waste of money item 4534,0
Avoid this item 4535,0
Do not buy item 4536,0
I love this! item 4537,1
Avoid this item 4538,0
Amazing experience item 4539,1
Great product item 4540,1
Very disappointed item 4541,0
I love this! item 4542,1
I love this! item 4543,1
Worst experience item 4544,0
Best purchase ever item 4545,1
Very happy with this item 4546,1
Amazing experience item 4547,1
Great product item 4548,1
Amazing experience item 4549,1
Amazing experience item 4550,1
Excellent service item 4551,1
Fantastic quality item 4552,1
Waste of money item 4553,0
Avoid this item 4554,0
Waste of money item 4555,0
Amazing experience item 4556,1
Worst experience item 4557,0
Fantastic quality item 4558,1
Poor quality item 4559,0
I love this! item 4560,1
Amazing experience item 4561,1
Terrible product item 4562,0
Do not buy item 4563,0
Poor quality item 4564,0
Great product item 4565,1
Waste of money item 4566,0
Do not buy item 4567,0
Fantastic quality item 4568,1
Great product item 4569,1
Very disappointed item 4570,0
I love this! item 4571,1
Excellent service item 4572,1
Complete garbage item 4573,0
Best purchase ever item 4574,1
Amazing experience item 4575,1
Very happy with this item 4576,1
I love this! item 4577,1
Complete garbage item 4578,0
Avoid this item 4579,0
Fantastic quality item 4580,1
Excellent service item 4581,1
Complete garbage item 4582,0
Complete garbage item 4583,0
Complete garbage item 4584,0
Waste of money item 4585,0
Terrible product item 4586,0
Waste of money item 4587,0
Very disappointed item 4588,0
Very happy with this item 4589,1
Great product item 4590,1
Terrible product item 4591,0
Waste of money item 4592,0
I love this! item 4593,1
Amazing experience item 4594,1
Great product item 4595,1
Worst experience item 4596,0
Complete garbage item 4597,0
Complete garbage item 4598,0
I love this! item 4599,1
Very disappointed item 4600,0
Excellent service item 4601,1
Best purchase ever item 4602,1
Great product item 4603,1
Terrible product item 4604,0
I love this! item 4605,1
Avoid this item 4606,0
Complete garbage item 4607,0
Very disappointed item 4608,0
Great product item 4609,1
Complete garbage item 4610,0
Highly recommend item 4611,1
Very happy with this item 4612,1
Excellent service item 4613,1
Avoid this item 4614,0
Highly recommend item 4615,1
Fantastic quality item 4616,1
Highly recommend item 4617,1
Fantastic quality item 4618,1
Amazing experience item 4619,1
Avoid this item 4620,0
Amazing experience item 4621,1
Very disappointed item 4622,0
Avoid this item 4623,0
Avoid this item 4624,0
Worst experience item 4625,0
Waste of money item 4626,0
Great product item 4627,1
Highly recommend item 4628,1
Terrible product item 4629,0
Great product item 4630,1
Worst experience item 4631,0
Excellent service item 4632,1
I love this! item 4633,1
Complete garbage item 4634,0
Avoid this item 4635,0
Excellent service item 4636,1
Best purchase ever item 4637,1
Very happy with this item 4638,1
Terrible product item 4639,0
I love this! item 4640,1
Highly recommend item 4641,1
Very happy with this item 4642,1
Do not buy item 4643,0
I love this! item 4644,1
Very happy with this item 4645,1
Poor quality item 4646,0
Complete garbage item 4647,0
Complete garbage item 4648,0
Highly recommend item 4649,1
Do not buy item 4650,0
Poor quality item 4651,0
I love this! item 4652,1
Great product item 4653,1
Excellent service item 4654,1
Terrible product item 4655,0
Very happy with this item 4656,1
Fantastic quality item 4657,1
Complete garbage item 4658,0
Avoid this item 4659,0
Very happy with this item 4660,1
Very disappointed item 4661,0
Worst experience item 4662,0
Very happy with this item 4663,1
Best purchase ever item 4664,1
Very happy with this item 4665,1
Best purchase ever item 4666,1
Best purchase ever item 4667,1
Very happy with this item 4668,1
Excellent service item 4669,1
Very disappointed item 4670,0
Very happy with this item 4671,1
Poor quality item 4672,0
Terrible product item 4673,0
Very happy with this item 4674,1
Very happy with this item 4675,1
Fantastic quality item 4676,1
Avoid this item 4677,0
Very disappointed item 4678,0
I love this! item 4679,1
I love this! item 4680,1
Very disappointed item 4681,0
Excellent service item 4682,1
Do not buy item 4683,0
Worst experience item 4684,0
Excellent service item 4685,1
Complete garbage item 4686,0
Highly recommend item 4687,1
I love this! item 4688,1
Very disappointed item 4689,0
Amazing experience item 4690,1
Excellent service item 4691,1
Highly recommend item 4692,1
Avoid this item 4693,0
Complete garbage item 4694,0
Waste of money item 4695,0
I love this! item 4696,1
Excellent service item 4697,1
Terrible product item 4698,0
Very disappointed item 4699,0
Fantastic quality item 4700,1
Very disappointed item 4701,0
Worst experience item 4702,0
Complete garbage item 4703,0
Great product item 4704,1
Amazing experience item 4705,1
Excellent service item 4706,1
Do not buy item 4707,0
Great product item 4708,1
Very happy with this item 4709,1
Best purchase ever item 4710,1
Waste of money item 4711,0
Very disappointed item 4712,0
Excellent service item 4713,1
Poor quality item 4714,0
Fantastic quality item 4715,1
I love this! item 4716,1
Do not buy item 4717,0
I love this! item 4718,1
Very happy with this item 4719,1
Complete garbage item 4720,0
Avoid this item 4721,0
Poor quality item 4722,0
Avoid this item 4723,0
Best purchase ever item 4724,1
Waste of money item 4725,0
Poor quality item 4726,0
Complete garbage item 4727,0
I love this! item 4728,1
Waste of money item 4729,0
Great product item 4730,1
Very happy with this item 4731,1
Terrible product item 4732,0
Highly recommend item 4733,1
Poor quality item 4734,0
Great product item 4735,1
Do not buy item 4736,0
Terrible product item 4737,0
Complete garbage item 4738,0
Highly recommend item 4739,1
Very happy with this item 4740,1
Very disappointed item 4741,0
Poor quality item 4742,0
Highly recommend item 4743,1
I love this! item 4744,1
Avoid this item 4745,0
Very happy with this item 4746,1
Excellent service item 4747,1
Excellent service item 4748,1
Amazing experience item 4749,1
Complete garbage item 4750,0
Terrible product item 4751,0
Very disappointed item 4752,0
Amazing experience item 4753,1
Worst experience item 4754,0
Very happy with this item 4755,1
Waste of money item 4756,0
Fantastic quality item 4757,1
Very happy with this item 4758,1
Amazing experience item 4759,1
I love this! item 4760,1
Do not buy item 4761,0
Complete garbage item 4762,0
Very happy with this item 4763,1
Great product item 4764,1
Fantastic quality item 4765,1
Highly recommend item 4766,1
Highly recommend item 4767,1
Great product item 4768,1
Very happy with this item 4769,1
Best purchase ever item 4770,1
Worst experience item 4771,0
Avoid this item 4772,0
Great product item 4773,1
Poor quality item 4774,0
Very disappointed item 4775,0
Best purchase ever item 4776,1
Best purchase ever item 4777,1
Poor quality item 4778,0
Avoid this item 4779,0
Poor quality item 4780,0
Avoid this item 4781,0
Best purchase ever item 4782,1
Avoid this item 4783,0
Excellent service item 4784,1
Poor quality item 4785,0
I love this! item 4786,1
Fantastic quality item 4787,1
Fantastic quality item 4788,1
Terrible product item 4789,0
Very happy with this item 4790,1
Terrible product item 4791,0
Amazing experience item 4792,1
Best purchase ever item 4793,1
Worst experience item 4794,0
Excellent service item 4795,1
Very happy with this item 4796,1
Avoid this item 4797,0
Excellent service item 4798,1
Very disappointed item 4799,0
Waste of money item 4800,0
Great product item 4801,1
Terrible product item 4802,0
Avoid this item 4803,0
Do not buy item 4804,0
Highly recommend item 4805,1
Excellent service item 4806,1
Very happy with this item 4807,1
Complete garbage item 4808,0
I love this! item 4809,1
Best purchase ever item 4810,1
Terrible product item 4811,0
Best purchase ever item 4812,1
Very happy with this item 4813,1
Very disappointed item 4814,0
Amazing experience item 4815,1
Excellent service item 4816,1
Amazing experience item 4817,1
Worst experience item 4818,0
Very disappointed item 4819,0
Avoid this item 4820,0
Amazing experience item 4821,1
Very happy with this item 4822,1
Terrible product item 4823,0
Very happy with this item 4824,1
Terrible product item 4825,0
Complete garbage item 4826,0
Excellent service item 4827,1
Waste of money item 4828,0
Fantastic quality item 4829,1
Very disappointed item 4830,0
Do not buy item 4831,0
Complete garbage item 4832,0
Terrible product item 4833,0
Amazing experience item 4834,1
Best purchase ever item 4835,1
Worst experience item 4836,0
Complete garbage item 4837,0
Complete garbage item 4838,0
I love this! item 4839,1
Worst experience item 4840,0
Great product item 4841,1
Complete garbage item 4842,0
Fantastic quality item 4843,1
Waste of money item 4844,0
Complete garbage item 4845,0
Avoid this item 4846,0
Complete garbage item 4847,0
Very happy with this item 4848,1
Waste of money item 4849,0
Great product item 4850,1
Avoid this item 4851,0
Very happy with this item 4852,1
I love this! item 4853,1
Very disappointed item 4854,0
Fantastic quality item 4855,1
Worst experience item 4856,0
Excellent service item 4857,1
Do not buy item 4858,0
Highly recommend item 4859,1
Excellent service item 4860,1
I love this! item 4861,1
Complete garbage item 4862,0
Best purchase ever item 4863,1
Poor quality item 4864,0
Waste of money item 4865,0
Excellent service item 4866,1
Great product item 4867,1
Terrible product item 4868,0
Highly recommend item 4869,1
Best purchase ever item 4870,1
Amazing experience item 4871,1
Amazing experience item 4872,1
Waste of money item 4873,0
Excellent service item 4874,1
Poor quality item 4875,0
Avoid this item 4876,0
Excellent service item 4877,1
I love this! item 4878,1
Terrible product item 4879,0
Terrible product item 4880,0
Highly recommend item 4881,1
Great product item 4882,1
Great product item 4883,1
Waste of money item 4884,0
Poor quality item 4885,0
Excellent service item 4886,1
Best purchase ever item 4887,1
Fantastic quality item 4888,1
Avoid this item 4889,0
Do not buy item 4890,0
Highly recommend item 4891,1
Very happy with this item 4892,1
Poor quality item 4893,0
Worst experience item 4894,0
Terrible product item 4895,0
Great product item 4896,1
Worst experience item 4897,0
Very disappointed item 4898,0
Best purchase ever item 4899,1
Terrible product item 4900,0
Complete garbage item 4901,0
Amazing experience item 4902,1
Very disappointed item 4903,0
Fantastic quality item 4904,1
Very happy with this item 4905,1
Excellent service item 4906,1
Poor quality item 4907,0
Fantastic quality item 4908,1
Complete garbage item 4909,0
Avoid this item 4910,0
Best purchase ever item 4911,1
Complete garbage item 4912,0
Amazing experience item 4913,1
Best purchase ever item 4914,1
Avoid this item 4915,0
Do not buy item 4916,0
Worst experience item 4917,0
Very disappointed item 4918,0
Best purchase ever item 4919,1
Complete garbage item 4920,0
Fantastic quality item 4921,1
Amazing experience item 4922,1
Very happy with this item 4923,1
Complete garbage item 4924,0
Worst experience item 4925,0
Complete garbage item 4926,0
Complete garbage item 4927,0
Very happy with this item 4928,1
Fantastic quality item 4929,1
Very disappointed item 4930,0
Waste of money item 4931,0
I love this! item 4932,1
Terrible product item 4933,0
Very happy with this item 4934,1
Worst experience item 4935,0
Poor quality item 4936,0
Best purchase ever item 4937,1
Very happy with this item 4938,1
Do not buy item 4939,0
Do not buy item 4940,0
Terrible product item 4941,0
Fantastic quality item 4942,1
Best purchase ever item 4943,1
Avoid this item 4944,0
Complete garbage item 4945,0
Excellent service item 4946,1
Poor quality item 4947,0
Avoid this item 4948,0
Avoid this item 4949,0
Terrible product item 4950,0
Amazing experience item 4951,1
Excellent service item 4952,1
I love this! item 4953,1
Avoid this item 4954,0
Very disappointed item 4955,0
Very disappointed item 4956,0
Best purchase ever item 4957,1
Terrible product item 4958,0
Avoid this item 4959,0
Highly recommend item 4960,1
Waste of money item 4961,0
Great product item 4962,1
Very happy with this item 4963,1
Very happy with this item 4964,1
Avoid this item 4965,0
Avoid this item 4966,0
Amazing experience item 4967,1
Complete garbage item 4968,0
Avoid this item 4969,0
Highly recommend item 4970,1
Highly recommend item 4971,1
Very disappointed item 4972,0
Great product item 4973,1
Terrible product item 4974,0
Poor quality item 4975,0
Avoid this item 4976,0
Highly recommend item 4977,1
Great product item 4978,1
I love this! item 4979,1
Great product item 4980,1
Do not buy item 4981,0
Great product item 4982,1
Highly recommend item 4983,1
Amazing experience item 4984,1
Fantastic quality item 4985,1
Waste of money item 4986,0
Terrible product item 4987,0
Do not buy item 4988,0
Fantastic quality item 4989,1
I love this! item 4990,1
Excellent service item 4991,1
Highly recommend item 4992,1
Very happy with this item 4993,1
Avoid this item 4994,0
Poor quality item 4995,0
Excellent service item 4996,1
I love this! item 4997,1
Highly recommend item 4998,1
Very happy with this item 4999,1
Amazing experience item 5000,1
I love this! item 5001,1
Waste of money item 5002,0
Terrible product item 5003,0
Worst experience item 5004,0
I love this! item 5005,1
Highly recommend item 5006,1
Avoid this item 5007,0
Do not buy item 5008,0
Amazing experience item 5009,1
Highly recommend item 5010,1
I love this! item 5011,1
Best purchase ever item 5012,1
Waste of money item 5013,0
Best purchase ever item 5014,1
Amazing experience item 5015,1
Very disappointed item 5016,0
Amazing experience item 5017,1
Fantastic quality item 5018,1
Complete garbage item 5019,0
Very disappointed item 5020,0
Great product item 5021,1
Excellent service item 5022,1
Avoid this item 5023,0
Highly recommend item 5024,1
Fantastic quality item 5025,1
Terrible product item 5026,0
Best purchase ever item 5027,1
Amazing experience item 5028,1
Fantastic quality item 5029,1
Poor quality item 5030,0
Poor quality item 5031,0
Best purchase ever item 5032,1
Waste of money item 5033,0
Poor quality item 5034,0
I love this! item 5035,1
Fantastic quality item 5036,1
Best purchase ever item 5037,1
Great product item 5038,1
Excellent service item 5039,1
Best purchase ever item 5040,1
Very happy with this item 5041,1
Very happy with this item 5042,1
Very disappointed item 5043,0
Excellent service item 5044,1
Poor quality item 5045,0
Very disappointed item 5046,0
Excellent service item 5047,1
Waste of money item 5048,0
Complete garbage item 5049,0
Very disappointed item 5050,0
Best purchase ever item 5051,1
Highly recommend item 5052,1
Best purchase ever item 5053,1
Terrible product item 5054,0
Best purchase ever item 5055,1
I love this! item 5056,1
Complete garbage item 5057,0
Best purchase ever item 5058,1
Highly recommend item 5059,1
Do not buy item 5060,0
Complete garbage item 5061,0
Amazing experience item 5062,1
Great product item 5063,1
Very disappointed item 5064,0
Waste of money item 5065,0
Complete garbage item 5066,0
Waste of money item 5067,0
I love this! item 5068,1
Fantastic quality item 5069,1
Excellent service item 5070,1
Very happy with this item 5071,1
Do not buy item 5072,0
Fantastic quality item 5073,1
Terrible product item 5074,0
Great product item 5075,1
Poor quality item 5076,0
Highly recommend item 5077,1
Excellent service item 5078,1
Fantastic quality item 5079,1
Fantastic quality item 5080,1
Very disappointed item 5081,0
I love this! item 5082,1
Excellent service item 5083,1
I love this! item 5084,1
Avoid this item 5085,0
Highly recommend item 5086,1
Complete garbage item 5087,0
Very disappointed item 5088,0
Best purchase ever item 5089,1
Worst experience item 5090,0
Avoid this item 5091,0
Worst experience item 5092,0
Fantastic quality item 5093,1
Waste of money item 5094,0
Avoid this item 5095,0
Complete garbage item 5096,0
Great product item 5097,1
Terrible product item 5098,0
Excellent service item 5099,1
Avoid this item 5100,0
Best purchase ever item 5101,1
Best purchase ever item 5102,1
Highly recommend item 5103,1
Fantastic quality item 5104,1
I love this! item 5105,1
Very happy with this item 5106,1
Very happy with this item 5107,1
I love this! item 5108,1
Worst experience item 5109,0
Complete garbage item 5110,0
Amazing experience item 5111,1
Very happy with this item 5112,1
Excellent service item 5113,1
Great product item 5114,1
Amazing experience item 5115,1
Amazing experience item 5116,1
I love this! item 5117,1
Fantastic quality item 5118,1
Complete garbage item 5119,0
Very happy with this item 5120,1
Very happy with this item 5121,1
Avoid this item 5122,0
Waste of money item 5123,0
I love this! item 5124,1
Excellent service item 5125,1
Amazing experience item 5126,1
Very happy with this item 5127,1
Poor quality item 5128,0
I love this! item 5129,1
Best purchase ever item 5130,1
Excellent service item 5131,1
Poor quality item 5132,0
Fantastic quality item 5133,1
Best purchase ever item 5134,1
Excellent service item 5135,1
Poor quality item 5136,0
Worst experience item 5137,0
Best purchase ever item 5138,1
Terrible product item 5139,0
Worst experience item 5140,0
Worst experience item 5141,0
Complete garbage item 5142,0
Do not buy item 5143,0
Waste of money item 5144,0
Avoid this item 5145,0
Amazing experience item 5146,1
Terrible product item 5147,0
Worst experience item 5148,0
Amazing experience item 5149,1
Complete garbage item 5150,0
Terrible product item 5151,0
Best purchase ever item 5152,1
Great product item 5153,1
Complete garbage item 5154,0
Waste of money item 5155,0
Worst experience item 5156,0
Amazing experience item 5157,1
Poor quality item 5158,0
Excellent service item 5159,1
Fantastic quality item 5160,1
Do not buy item 5161,0
Complete garbage item 5162,0
Waste of money item 5163,0
Poor quality item 5164,0
Waste of money item 5165,0
I love this! item 5166,1
Poor quality item 5167,0
Poor quality item 5168,0
Amazing experience item 5169,1
Great product item 5170,1
Amazing experience item 5171,1
Highly recommend item 5172,1
Complete garbage item 5173,0
Do not buy item 5174,0
Fantastic quality item 5175,1
I love this! item 5176,1
Great product item 5177,1
Terrible product item 5178,0
Very happy with this item 5179,1
Fantastic quality item 5180,1
Fantastic quality item 5181,1
Waste of money item 5182,0
Waste of money item 5183,0
Do not buy item 5184,0
Fantastic quality item 5185,1
Amazing experience item 5186,1
Highly recommend item 5187,1
Highly recommend item 5188,1
Do not buy item 5189,0
Very disappointed item 5190,0
Fantastic quality item 5191,1
Terrible product item 5192,0
Avoid this item 5193,0
Poor quality item 5194,0
Best purchase ever item 5195,1
Best purchase ever item 5196,1
Worst experience item 5197,0
Poor quality item 5198,0
Terrible product item 5199,0
Complete garbage item 5200,0
Waste of money item 5201,0
Poor quality item 5202,0
Do not buy item 5203,0
Great product item 5204,1
Best purchase ever item 5205,1
Terrible product item 5206,0
Very disappointed item 5207,0
Terrible product item 5208,0
Do not buy item 5209,0
Highly recommend item 5210,1
Very happy with this item 5211,1
Best purchase ever item 5212,1
Amazing experience item 5213,1
Do not buy item 5214,0
Great product item 5215,1
Worst experience item 5216,0
Best purchase ever item 5217,1
Terrible product item 5218,0
Complete garbage item 5219,0
Waste of money item 5220,0
Great product item 5221,1
Very happy with this item 5222,1
Best purchase ever item 5223,1
Great product item 5224,1
Great product item 5225,1
Great product item 5226,1
Avoid this item 5227,0
Waste of money item 5228,0
Fantastic quality item 5229,1
Best purchase ever item 5230,1
Amazing experience item 5231,1
Poor quality item 5232,0
Waste of money item 5233,0
Very happy with this item 5234,1
Best purchase ever item 5235,1
Waste of money item 5236,0
Very happy with this item 5237,1
Terrible product item 5238,0
Very happy with this item 5239,1
Complete garbage item 5240,0
Complete garbage item 5241,0
Great product item 5242,1
Poor quality item 5243,0
Waste of money item 5244,0
I love this! item 5245,1
Complete garbage item 5246,0
Very happy with this item 5247,1
Best purchase ever item 5248,1
Very happy with this item 5249,1
Amazing experience item 5250,1
Worst experience item 5251,0
Highly recommend item 5252,1
Waste of money item 5253,0
Terrible product item 5254,0
Best purchase ever item 5255,1
Worst experience item 5256,0
Very happy with this item 5257,1
Do not buy item 5258,0
Worst experience item 5259,0
Terrible product item 5260,0
Very disappointed item 5261,0
Worst experience item 5262,0
Do not buy item 5263,0
I love this! item 5264,1
Avoid this item 5265,0
Amazing experience item 5266,1
Very disappointed item 5267,0
Avoid this item 5268,0
Terrible product item 5269,0
Excellent service item 5270,1
Do not buy item 5271,0
Do not buy item 5272,0
Excellent service item 5273,1
Very disappointed item 5274,0
Do not buy item 5275,0
Complete garbage item 5276,0
Amazing experience item 5277,1
Very disappointed item 5278,0
Great product item 5279,1
Highly recommend item 5280,1
Great product item 5281,1
Very disappointed item 5282,0
Very disappointed item 5283,0
Best purchase ever item 5284,1
Excellent service item 5285,1
Worst experience item 5286,0
Very happy with this item 5287,1
Excellent service item 5288,1
Terrible product item 5289,0
Do not buy item 5290,0
Avoid this item 5291,0
Complete garbage item 5292,0
Complete garbage item 5293,0
I love this! item 5294,1
Terrible product item 5295,0
Poor quality item 5296,0
Highly recommend item 5297,1
Very happy with this item 5298,1
Amazing experience item 5299,1
Very happy with this item 5300,1
Do not buy item 5301,0
Very disappointed item 5302,0
Excellent service item 5303,1
Highly recommend item 5304,1
Best purchase ever item 5305,1
Do not buy item 5306,0
Excellent service item 5307,1
Poor quality item 5308,0
Highly recommend item 5309,1
Avoid this item 5310,0
Fantastic quality item 5311,1
Waste of money item 5312,0
Worst experience item 5313,0
Great product item 5314,1
Waste of money item 5315,0
Fantastic quality item 5316,1
Terrible product item 5317,0
Amazing experience item 5318,1
Worst experience item 5319,0
Avoid this item 5320,0
Best purchase ever item 5321,1
Poor quality item 5322,0
Avoid this item 5323,0
Best purchase ever item 5324,1
Complete garbage item 5325,0
I love this! item 5326,1
Fantastic quality item 5327,1
Waste of money item 5328,0
Amazing experience item 5329,1
Complete garbage item 5330,0
Do not buy item 5331,0
Highly recommend item 5332,1
Amazing experience item 5333,1
Fantastic quality item 5334,1
Excellent service item 5335,1
Excellent service item 5336,1
Poor quality item 5337,0
Complete garbage item 5338,0
Amazing experience item 5339,1
Highly recommend item 5340,1
Highly recommend item 5341,1
Worst experience item 5342,0
Complete garbage item 5343,0
Do not buy item 5344,0
Poor quality item 5345,0
Amazing experience item 5346,1
Complete garbage item 5347,0
Fantastic quality item 5348,1
Very disappointed item 5349,0
Avoid this item 5350,0
Avoid this item 5351,0
Great product item 5352,1
Poor quality item 5353,0
Amazing experience item 5354,1
I love this! item 5355,1
Great product item 5356,1
Excellent service item 5357,1
Amazing experience item 5358,1
Very happy with this item 5359,1
Excellent service item 5360,1
Amazing experience item 5361,1
Highly recommend item 5362,1
Fantastic quality item 5363,1
Best purchase ever item 5364,1
Poor quality item 5365,0
Terrible product item 5366,0
Terrible product item 5367,0
Highly recommend item 5368,1
Highly recommend item 5369,1
Worst experience item 5370,0
Avoid this item 5371,0
Poor quality item 5372,0
Highly recommend item 5373,1
Worst experience item 5374,0
Avoid this item 5375,0
I love this! item 5376,1
Do not buy item 5377,0
Terrible product item 5378,0
Do not buy item 5379,0
Waste of money item 5380,0
Amazing experience item 5381,1
Very happy with this item 5382,1
Waste of money item 5383,0
Very happy with this item 5384,1
Amazing experience item 5385,1
Do not buy item 5386,0
Poor quality item 5387,0
Poor quality item 5388,0
Highly recommend item 5389,1
I love this! item 5390,1
Worst experience item 5391,0
Poor quality item 5392,0
Avoid this item 5393,0
Worst experience item 5394,0
Amazing experience item 5395,1
Fantastic quality item 5396,1
Amazing experience item 5397,1
Worst experience item 5398,0
Poor quality item 5399,0
Amazing experience item 5400,1
I love this! item 5401,1
Poor quality item 5402,0
Amazing experience item 5403,1
Waste of money item 5404,0
Waste of money item 5405,0
Great product item 5406,1
Worst experience item 5407,0
I love this! item 5408,1
Poor quality item 5409,0
Do not buy item 5410,0
Very disappointed item 5411,0
Terrible product item 5412,0
Very happy with this item 5413,1
Best purchase ever item 5414,1
Highly recommend item 5415,1
Complete garbage item 5416,0
Very disappointed item 5417,0
Fantastic quality item 5418,1
Waste of money item 5419,0
Amazing experience item 5420,1
Great product item 5421,1
Complete garbage item 5422,0
Very disappointed item 5423,0
Terrible product item 5424,0
Best purchase ever item 5425,1
Waste of money item 5426,0
Avoid this item 5427,0
Great product item 5428,1
Fantastic quality item 5429,1
Do not buy item 5430,0
Very disappointed item 5431,0
Terrible product item 5432,0
Waste of money item 5433,0
Excellent service item 5434,1
Excellent service item 5435,1
Highly recommend item 5436,1
Waste of money item 5437,0
Very disappointed item 5438,0
Best purchase ever item 5439,1
Amazing experience item 5440,1
Terrible product item 5441,0
Do not buy item 5442,0
Worst experience item 5443,0
Very disappointed item 5444,0
Avoid this item 5445,0
Poor quality item 5446,0
Amazing experience item 5447,1
Do not buy item 5448,0
I love this! item 5449,1
Complete garbage item 5450,0
Very disappointed item 5451,0
Terrible product item 5452,0
Excellent service item 5453,1
Very disappointed item 5454,0
Waste of money item 5455,0
Terrible product item 5456,0
I love this! item 5457,1
Amazing experience item 5458,1
Do not buy item 5459,0
I love this! item 5460,1
Amazing experience item 5461,1
Terrible product item 5462,0
Complete garbage item 5463,0
Fantastic quality item 5464,1
Excellent service item 5465,1
Worst experience item 5466,0
Terrible product item 5467,0
Fantastic quality item 5468,1
Waste of money item 5469,0
Complete garbage item 5470,0
I love this! item 5471,1
Waste of money item 5472,0
Very happy with this item 5473,1
Fantastic quality item 5474,1
Highly recommend item 5475,1
Poor quality item 5476,0
Very disappointed item 5477,0
Poor quality item 5478,0
Fantastic quality item 5479,1
Great product item 5480,1
Avoid this item 5481,0
I love this! item 5482,1
Terrible product item 5483,0
Very disappointed item 5484,0
Best purchase ever item 5485,1
Very happy with this item 5486,1
Do not buy item 5487,0
Fantastic quality item 5488,1
Complete garbage item 5489,0
Best purchase ever item 5490,1
Great product item 5491,1
Amazing experience item 5492,1
Waste of money item 5493,0
Excellent service item 5494,1
Great product item 5495,1
Avoid this item 5496,0
Avoid this item 5497,0
Very happy with this item 5498,1
Do not buy item 5499,0
Highly recommend item 5500,1
Amazing experience item 5501,1
I love this! item 5502,1
Excellent service item 5503,1
Complete garbage item 5504,0
Complete garbage item 5505,0
Excellent service item 5506,1
Very disappointed item 5507,0
Excellent service item 5508,1
Very disappointed item 5509,0
Do not buy item 5510,0
Fantastic quality item 5511,1
Very happy with this item 5512,1
Waste of money item 5513,0
Do not buy item 5514,0
Avoid this item 5515,0
Excellent service item 5516,1
Complete garbage item 5517,0
Terrible product item 5518,0
Amazing experience item 5519,1
Terrible product item 5520,0
Very disappointed item 5521,0
Waste of money item 5522,0
Fantastic quality item 5523,1
Waste of money item 5524,0
Highly recommend item 5525,1
Amazing experience item 5526,1
Poor quality item 5527,0
Avoid this item 5528,0
Highly recommend item 5529,1
Best purchase ever item 5530,1
Great product item 5531,1
Terrible product item 5532,0
Waste of money item 5533,0
Complete garbage item 5534,0
Avoid this item 5535,0
Poor quality item 5536,0
Best purchase ever item 5537,1
Do not buy item 5538,0
Very happy with this item 5539,1
Waste of money item 5540,0
Amazing experience item 5541,1
Amazing experience item 5542,1
Best purchase ever item 5543,1
Best purchase ever item 5544,1
Do not buy item 5545,0
Do not buy item 5546,0
Complete garbage item 5547,0
Worst experience item 5548,0
Fantastic quality item 5549,1
Excellent service item 5550,1
Fantastic quality item 5551,1
Very happy with this item 5552,1
Worst experience item 5553,0
Great product item 5554,1
Waste of money item 5555,0
Very happy with this item 5556,1
Complete garbage item 5557,0
Waste of money item 5558,0
Amazing experience item 5559,1
Highly recommend item 5560,1
Complete garbage item 5561,0
Avoid this item 5562,0
Excellent service item 5563,1
Highly recommend item 5564,1
Amazing experience item 5565,1
Great product item 5566,1
Highly recommend item 5567,1
Excellent service item 5568,1
Excellent service item 5569,1
Very disappointed item 5570,0
Fantastic quality item 5571,1
Terrible product item 5572,0
Excellent service item 5573,1
Poor quality item 5574,0
Avoid this item 5575,0
Amazing experience item 5576,1
I love this! item 5577,1
Great product item 5578,1
Very disappointed item 5579,0
Poor quality item 5580,0
I love this! item 5581,1
Best purchase ever item 5582,1
Waste of money item 5583,0
Very disappointed item 5584,0
Very happy with this item 5585,1
Waste of money item 5586,0
Complete garbage item 5587,0
Highly recommend item 5588,1
Very happy with this item 5589,1
Poor quality item 5590,0
Fantastic quality item 5591,1
Best purchase ever item 5592,1
Fantastic quality item 5593,1
Very disappointed item 5594,0
Best purchase ever item 5595,1
Best purchase ever item 5596,1
Excellent service item 5597,1
Complete garbage item 5598,0
Fantastic quality item 5599,1
Waste of money item 5600,0
Fantastic quality item 5601,1
Very happy with this item 5602,1
Great product item 5603,1
Avoid this item 5604,0
Poor quality item 5605,0
Terrible product item 5606,0
Poor quality item 5607,0
Do not buy item 5608,0
Amazing experience item 5609,1
Poor quality item 5610,0
Very disappointed item 5611,0
Best purchase ever item 5612,1
Poor quality item 5613,0
Complete garbage item 5614,0
Great product item 5615,1
Poor quality item 5616,0
Very disappointed item 5617,0
Excellent service item 5618,1
Fantastic quality item 5619,1
Very disappointed item 5620,0
Terrible product item 5621,0
Excellent service item 5622,1
Avoid this item 5623,0
Complete garbage item 5624,0
Highly recommend item 5625,1
Worst experience item 5626,0
Fantastic quality item 5627,1
I love this! item 5628,1
Poor quality item 5629,0
Great product item 5630,1
Excellent service item 5631,1
Complete garbage item 5632,0
Do not buy item 5633,0
Do not buy item 5634,0
Fantastic quality item 5635,1
Excellent service item 5636,1
Amazing experience item 5637,1
Terrible product item 5638,0
Avoid this item 5639,0
Very happy with this item 5640,1
Great product item 5641,1
Best purchase ever item 5642,1
Fantastic quality item 5643,1
Very disappointed item 5644,0
Best purchase ever item 5645,1
Terrible product item 5646,0
Complete garbage item 5647,0
Avoid this item 5648,0
Best purchase ever item 5649,1
Amazing experience item 5650,1
Amazing experience item 5651,1
Very happy with this item 5652,1
Avoid this item 5653,0
Terrible product item 5654,0
Poor quality item 5655,0
Highly recommend item 5656,1
Complete garbage item 5657,0
Great product item 5658,1
Highly recommend item 5659,1
Excellent service item 5660,1
Fantastic quality item 5661,1
Best purchase ever item 5662,1
Waste of money item 5663,0
Fantastic quality item 5664,1
Terrible product item 5665,0
Poor quality item 5666,0
Very happy with this item 5667,1
Waste of money item 5668,0
Best purchase ever item 5669,1
Fantastic quality item 5670,1
Poor quality item 5671,0
Fantastic quality item 5672,1
Best purchase ever item 5673,1
Excellent service item 5674,1
Very happy with this item 5675,1
Complete garbage item 5676,0
Avoid this item 5677,0
Highly recommend item 5678,1
Avoid this item 5679,0
Worst experience item 5680,0
Fantastic quality item 5681,1
Waste of money item 5682,0
Complete garbage item 5683,0
Poor quality item 5684,0
Avoid this item 5685,0
Very happy with this item 5686,1
Very disappointed item 5687,0
I love this! item 5688,1
Amazing experience item 5689,1
Avoid this item 5690,0
Avoid this item 5691,0
Poor quality item 5692,0
Highly recommend item 5693,1
Great product item 5694,1
Excellent service item 5695,1
Worst experience item 5696,0
Very happy with this item 5697,1
Poor quality item 5698,0
Complete garbage item 5699,0
Fantastic quality item 5700,1
Terrible product item 5701,0
Worst experience item 5702,0
Excellent service item 5703,1
Do not buy item 5704,0
Do not buy item 5705,0
Fantastic quality item 5706,1
Terrible product item 5707,0
Excellent service item 5708,1
Best purchase ever item 5709,1
Amazing experience item 5710,1
Avoid this item 5711,0
Terrible product item 5712,0
I love this! item 5713,1
Poor quality item 5714,0
Worst experience item 5715,0
Fantastic quality item 5716,1
Avoid this item 5717,0
Avoid this item 5718,0
Poor quality item 5719,0
Very disappointed item 5720,0
Poor quality item 5721,0
Terrible product item 5722,0
Very happy with this item 5723,1
I love this! item 5724,1
Very happy with this item 5725,1
Best purchase ever item 5726,1
Worst experience item 5727,0
Do not buy item 5728,0
Fantastic quality item 5729,1
Fantastic quality item 5730,1
Terrible product item 5731,0
Best purchase ever item 5732,1
Avoid this item 5733,0
Very happy with this item 5734,1
Excellent service item 5735,1
Complete garbage item 5736,0
Best purchase ever item 5737,1
Terrible product item 5738,0
Terrible product item 5739,0
Avoid this item 5740,0
Waste of money item 5741,0
Worst experience item 5742,0
Worst experience item 5743,0
Best purchase ever item 5744,1
Great product item 5745,1
Terrible product item 5746,0
Highly recommend item 5747,1
Best purchase ever item 5748,1
Highly recommend item 5749,1
Fantastic quality item 5750,1
Waste of money item 5751,0
Very disappointed item 5752,0
Waste of money item 5753,0
Terrible product item 5754,0
Fantastic quality item 5755,1
Very disappointed item 5756,0
Best purchase ever item 5757,1
Do not buy item 5758,0
Amazing experience item 5759,1
Fantastic quality item 5760,1
Poor quality item 5761,0
Terrible product item 5762,0
Complete garbage item 5763,0
Do not buy item 5764,0
Amazing experience item 5765,1
Very disappointed item 5766,0
Amazing experience item 5767,1
Worst experience item 5768,0
Terrible product item 5769,0
Complete garbage item 5770,0
Amazing experience item 5771,1
Avoid this item 5772,0
Very disappointed item 5773,0
Very disappointed item 5774,0
Best purchase ever item 5775,1
Amazing experience item 5776,1
Avoid this item 5777,0
Do not buy item 5778,0
Very disappointed item 5779,0
Amazing experience item 5780,1
Very happy with this item 5781,1
Do not buy item 5782,0
Do not buy item 5783,0
Poor quality item 5784,0
Very disappointed item 5785,0
Poor quality item 5786,0
Best purchase ever item 5787,1
Do not buy item 5788,0
Waste of money item 5789,0
Highly recommend item 5790,1
Very happy with this item 5791,1
Waste of money item 5792,0
Amazing experience item 5793,1
Highly recommend item 5794,1
Poor quality item 5795,0
I love this! item 5796,1
Do not buy item 5797,0
Highly recommend item 5798,1
Terrible product item 5799,0
Amazing experience item 5800,1
Great product item 5801,1
Worst experience item 5802,0
Fantastic quality item 5803,1
Very happy with this item 5804,1
Best purchase ever item 5805,1
Amazing experience item 5806,1
Amazing experience item 5807,1
Fantastic quality item 5808,1
Best purchase ever item 5809,1
I love this! item 5810,1
Poor quality item 5811,0
I love this! item 5812,1
Excellent service item 5813,1
Very happy with this item 5814,1
Great product item 5815,1
Highly recommend item 5816,1
I love this! item 5817,1
Complete garbage item 5818,0
Best purchase ever item 5819,1
Complete garbage item 5820,0
Excellent service item 5821,1
Complete garbage item 5822,0
Worst experience item 5823,0
Terrible product item 5824,0
Avoid this item 5825,0
Highly recommend item 5826,1
Worst experience item 5827,0
Waste of money item 5828,0
Highly recommend item 5829,1
Highly recommend item 5830,1
Fantastic quality item 5831,1
Do not buy item 5832,0
Highly recommend item 5833,1
Worst experience item 5834,0
Highly recommend item 5835,1
Amazing experience item 5836,1
Worst experience item 5837,0
Terrible product item 5838,0
Do not buy item 5839,0
Avoid this item 5840,0
Very happy with this item 5841,1
Amazing experience item 5842,1
Fantastic quality item 5843,1
Fantastic quality item 5844,1
Terrible product item 5845,0
Avoid this item 5846,0
Best purchase ever item 5847,1
Highly recommend item 5848,1
Great product item 5849,1
Waste of money item 5850,0
Worst experience item 5851,0
Highly recommend item 5852,1
Worst experience item 5853,0
Amazing experience item 5854,1
Avoid this item 5855,0
Excellent service item 5856,1
Waste of money item 5857,0
Fantastic quality item 5858,1
Waste of money item 5859,0
I love this! item 5860,1
Amazing experience item 5861,1
Highly recommend item 5862,1
Complete garbage item 5863,0
Do not buy item 5864,0
Waste of money item 5865,0
Very disappointed item 5866,0
Worst experience item 5867,0
Waste of money item 5868,0
Excellent service item 5869,1
Great product item 5870,1
Terrible product item 5871,0
Poor quality item 5872,0
Very happy with this item 5873,1
Very disappointed item 5874,0
Poor quality item 5875,0
Highly recommend item 5876,1
Do not buy item 5877,0
Complete garbage item 5878,0
Do not buy item 5879,0
Worst experience item 5880,0
Complete garbage item 5881,0
Worst experience item 5882,0
Complete garbage item 5883,0
Fantastic quality item 5884,1
Excellent service item 5885,1
Complete garbage item 5886,0
Complete garbage item 5887,0
Great product item 5888,1
Fantastic quality item 5889,1
Do not buy item 5890,0
Complete garbage item 5891,0
I love this! item 5892,1
Avoid this item 5893,0
Great product item 5894,1
Waste of money item 5895,0
Waste of money item 5896,0
Waste of money item 5897,0
I love this! item 5898,1
Amazing experience item 5899,1
Great product item 5900,1
Terrible product item 5901,0
Highly recommend item 5902,1
Complete garbage item 5903,0
Very disappointed item 5904,0
Great product item 5905,1
Very happy with this item 5906,1
Waste of money item 5907,0
Great product item 5908,1
Best purchase ever item 5909,1
Very happy with this item 5910,1
Poor quality item 5911,0
Very happy with this item 5912,1
Very happy with this item 5913,1
Do not buy item 5914,0
Do not buy item 5915,0
Best purchase ever item 5916,1
Do not buy item 5917,0
Do not buy item 5918,0
Worst experience item 5919,0
Amazing experience item 5920,1
I love this! item 5921,1
Complete garbage item 5922,0
Complete garbage item 5923,0
Highly recommend item 5924,1
Poor quality item 5925,0
Poor quality item 5926,0
Very disappointed item 5927,0
Excellent service item 5928,1
Poor quality item 5929,0
Terrible product item 5930,0
Terrible product item 5931,0
Do not buy item 5932,0
Waste of money item 5933,0
Best purchase ever item 5934,1
Waste of money item 5935,0
Best purchase ever item 5936,1
Fantastic quality item 5937,1
I love this! item 5938,1
Waste of money item 5939,0
Excellent service item 5940,1
Worst experience item 5941,0
Complete garbage item 5942,0
I love this! item 5943,1
Excellent service item 5944,1
Fantastic quality item 5945,1
Excellent service item 5946,1
Best purchase ever item 5947,1
Excellent service item 5948,1
Best purchase ever item 5949,1
Very happy with this item 5950,1
I love this! item 5951,1
Poor quality item 5952,0
Avoid this item 5953,0
Waste of money item 5954,0
Worst experience item 5955,0
Great product item 5956,1
Excellent service item 5957,1
Excellent service item 5958,1
Poor quality item 5959,0
Poor quality item 5960,0
Worst experience item 5961,0
Excellent service item 5962,1
Very disappointed item 5963,0
Very happy with this item 5964,1
Amazing experience item 5965,1
Excellent service item 5966,1
Do not buy item 5967,0
Do not buy item 5968,0
Fantastic quality item 5969,1
Waste of money item 5970,0
Excellent service item 5971,1
Very happy with this item 5972,1
Very happy with this item 5973,1
I love this! item 5974,1
Fantastic quality item 5975,1
Fantastic quality item 5976,1
I love this! item 5977,1
Great product item 5978,1
Do not buy item 5979,0
Avoid this item 5980,0
Great product item 5981,1
Poor quality item 5982,0
Poor quality item 5983,0
Worst experience item 5984,0
Excellent service item 5985,1
Very disappointed item 5986,0
Excellent service item 5987,1
Best purchase ever item 5988,1
Highly recommend item 5989,1
Great product item 5990,1
Excellent service item 5991,1
I love this! item 5992,1
Avoid this item 5993,0
Avoid this item 5994,0
Highly recommend item 5995,1
Poor quality item 5996,0
Fantastic quality item 5997,1
Fantastic quality item 5998,1
Excellent service item 5999,1
Very happy with this item 6000,1
Terrible product item 6001,0
Waste of money item 6002,0
Excellent service item 6003,1
Poor quality item 6004,0
Avoid this item 6005,0
Great product item 6006,1
I love this! item 6007,1
Terrible product item 6008,0
Great product item 6009,1
Very disappointed item 6010,0
Great product item 6011,1
Do not buy item 6012,0
Best purchase ever item 6013,1
Very happy with this item 6014,1
Best purchase ever item 6015,1
I love this! item 6016,1
Excellent service item 6017,1
Do not buy item 6018,0
Do not buy item 6019,0
Waste of money item 6020,0
Very disappointed item 6021,0
Highly recommend item 6022,1
Amazing experience item 6023,1
Terrible product item 6024,0
Highly recommend item 6025,1
Complete garbage item 6026,0
Avoid this item 6027,0
Amazing experience item 6028,1
Terrible product item 6029,0
Waste of money item 6030,0
Highly recommend item 6031,1
Amazing experience item 6032,1
Excellent service item 6033,1
Amazing experience item 6034,1
Excellent service item 6035,1
I love this! item 6036,1
Complete garbage item 6037,0
Worst experience item 6038,0
Very disappointed item 6039,0
Fantastic quality item 6040,1
Very happy with this item 6041,1
Complete garbage item 6042,0
Worst experience item 6043,0
Avoid this item 6044,0
Best purchase ever item 6045,1
Waste of money item 6046,0
Avoid this item 6047,0
Worst experience item 6048,0
Excellent service item 6049,1
Excellent service item 6050,1
Very happy with this item 6051,1
I love this! item 6052,1
Great product item 6053,1
Waste of money item 6054,0
Very happy with this item 6055,1
Avoid this item 6056,0
Great product item 6057,1
Excellent service item 6058,1
Complete garbage item 6059,0
Waste of money item 6060,0
Waste of money item 6061,0
Very happy with this item 6062,1
Poor quality item 6063,0
Very disappointed item 6064,0
Great product item 6065,1
Complete garbage item 6066,0
Very happy with this item 6067,1
Waste of money item 6068,0
Complete garbage item 6069,0
Terrible product item 6070,0
Great product item 6071,1
Avoid this item 6072,0
Waste of money item 6073,0
Very happy with this item 6074,1
Complete garbage item 6075,0
Complete garbage item 6076,0
Highly recommend item 6077,1
Excellent service item 6078,1
Very happy with this item 6079,1
Great product item 6080,1
Do not buy item 6081,0
I love this! item 6082,1
Best purchase ever item 6083,1
Very disappointed item 6084,0
Very happy with this item 6085,1
I love this! item 6086,1
Highly recommend item 6087,1
Highly recommend item 6088,1
Poor quality item 6089,0
Amazing experience item 6090,1
Complete garbage item 6091,0
Waste of money item 6092,0
Amazing experience item 6093,1
Avoid this item 6094,0
Avoid this item 6095,0
Best purchase ever item 6096,1
Worst experience item 6097,0
Avoid this item 6098,0
Very happy with this item 6099,1
Highly recommend item 6100,1
Highly recommend item 6101,1
Avoid this item 6102,0
Avoid this item 6103,0
Fantastic quality item 6104,1
Poor quality item 6105,0
Terrible product item 6106,0
Worst experience item 6107,0
Excellent service item 6108,1
Very disappointed item 6109,0
I love this! item 6110,1
Excellent service item 6111,1
Avoid this item 6112,0
Worst experience item 6113,0
Highly recommend item 6114,1
I love this! item 6115,1
Very disappointed item 6116,0
Very happy with this item 6117,1
Excellent service item 6118,1
Very disappointed item 6119,0
Do not buy item 6120,0
Waste of money item 6121,0
Amazing experience item 6122,1
Complete garbage item 6123,0
Fantastic quality item 6124,1
Terrible product item 6125,0
Very happy with this item 6126,1
Do not buy item 6127,0
Highly recommend item 6128,1
Worst experience item 6129,0
Poor quality item 6130,0
Excellent service item 6131,1
I love this! item 6132,1
Do not buy item 6133,0
Worst experience item 6134,0
Great product item 6135,1
Fantastic quality item 6136,1
Very disappointed item 6137,0
Best purchase ever item 6138,1
Worst experience item 6139,0
I love this! item 6140,1
Excellent service item 6141,1
Complete garbage item 6142,0
Great product item 6143,1
Best purchase ever item 6144,1
Worst experience item 6145,0
Worst experience item 6146,0
Highly recommend item 6147,1
Excellent service item 6148,1
Best purchase ever item 6149,1
Highly recommend item 6150,1
Excellent service item 6151,1
Terrible product item 6152,0
Very disappointed item 6153,0
Poor quality item 6154,0
Very disappointed item 6155,0
Best purchase ever item 6156,1
Poor quality item 6157,0
Poor quality item 6158,0
Poor quality item 6159,0
Avoid this item 6160,0
Very happy with this item 6161,1
Fantastic quality item 6162,1
Do not buy item 6163,0
Worst experience item 6164,0
Worst experience item 6165,0
Complete garbage item 6166,0
Do not buy item 6167,0
Poor quality item 6168,0
Worst experience item 6169,0
Poor quality item 6170,0
Very disappointed item 6171,0
Great product item 6172,1
Avoid this item 6173,0
Best purchase ever item 6174,1
Complete garbage item 6175,0
Excellent service item 6176,1
Excellent service item 6177,1
Complete garbage item 6178,0
Waste of money item 6179,0
Avoid this item 6180,0
Excellent service item 6181,1
Avoid this item 6182,0
Highly recommend item 6183,1
Complete garbage item 6184,0
Poor quality item 6185,0
Avoid this item 6186,0
Fantastic quality item 6187,1
I love this! item 6188,1
I love this! item 6189,1
Great product item 6190,1
Excellent service item 6191,1
Poor quality item 6192,0
Fantastic quality item 6193,1
Amazing experience item 6194,1
Excellent service item 6195,1
I love this! item 6196,1
Great product item 6197,1
Excellent service item 6198,1
Terrible product item 6199,0
Do not buy item 6200,0
Very disappointed item 6201,0
Fantastic quality item 6202,1
Complete garbage item 6203,0
Poor quality item 6204,0
Very happy with this item 6205,1
Complete garbage item 6206,0
Complete garbage item 6207,0
I love this! item 6208,1
Excellent service item 6209,1
Complete garbage item 6210,0
Excellent service item 6211,1
Best purchase ever item 6212,1
Very disappointed item 6213,0
Amazing experience item 6214,1
Best purchase ever item 6215,1
Terrible product item 6216,0
Best purchase ever item 6217,1
Worst experience item 6218,0
Very happy with this item 6219,1
Excellent service item 6220,1
Best purchase ever item 6221,1
I love this! item 6222,1
Avoid this item 6223,0
Fantastic quality item 6224,1
Great product item 6225,1
Poor quality item 6226,0
Best purchase ever item 6227,1
Excellent service item 6228,1
Complete garbage item 6229,0
Highly recommend item 6230,1
I love this! item 6231,1
Excellent service item 6232,1
Very disappointed item 6233,0
Do not buy item 6234,0
Amazing experience item 6235,1
Waste of money item 6236,0
Best purchase ever item 6237,1
Complete garbage item 6238,0
Amazing experience item 6239,1
Best purchase ever item 6240,1
Fantastic quality item 6241,1
Poor quality item 6242,0
Waste of money item 6243,0
Great product item 6244,1
Waste of money item 6245,0
Excellent service item 6246,1
Amazing experience item 6247,1
Avoid this item 6248,0
Very happy with this item 6249,1
Very disappointed item 6250,0
Best purchase ever item 6251,1
Highly recommend item 6252,1
Very disappointed item 6253,0
Do not buy item 6254,0
Very happy with this item 6255,1
Highly recommend item 6256,1
Excellent service item 6257,1
Waste of money item 6258,0
Avoid this item 6259,0
Fantastic quality item 6260,1
I love this! item 6261,1
Great product item 6262,1
Worst experience item 6263,0
Terrible product item 6264,0
Do not buy item 6265,0
Waste of money item 6266,0
Very disappointed item 6267,0
I love this! item 6268,1
Terrible product item 6269,0
Worst experience item 6270,0
Poor quality item 6271,0
Worst experience item 6272,0
Worst experience item 6273,0
I love this! item 6274,1
Do not buy item 6275,0
Avoid this item 6276,0
Amazing experience item 6277,1
Worst experience item 6278,0
Very happy with this item 6279,1
Very happy with this item 6280,1
Excellent service item 6281,1
Worst experience item 6282,0
Poor quality item 6283,0
Poor quality item 6284,0
Highly recommend item 6285,1
Amazing experience item 6286,1
Best purchase ever item 6287,1
Best purchase ever item 6288,1
Excellent service item 6289,1
Avoid this item 6290,0
Highly recommend item 6291,1
Complete garbage item 6292,0
Worst experience item 6293,0
Worst experience item 6294,0
Worst experience item 6295,0
Do not buy item 6296,0
Excellent service item 6297,1
Fantastic quality item 6298,1
Terrible product item 6299,0
Complete garbage item 6300,0
Complete garbage item 6301,0
Poor quality item 6302,0
Waste of money item 6303,0
Avoid this item 6304,0
Terrible product item 6305,0
Waste of money item 6306,0
Highly recommend item 6307,1
Highly recommend item 6308,1
Terrible product item 6309,0
Best purchase ever item 6310,1
Fantastic quality item 6311,1
Very happy with this item 6312,1
Avoid this item 6313,0
Great product item 6314,1
Poor quality item 6315,0
Excellent service item 6316,1
Very happy with this item 6317,1
I love this! item 6318,1
Waste of money item 6319,0
Complete garbage item 6320,0
Terrible product item 6321,0
Best purchase ever item 6322,1
Do not buy item 6323,0
Do not buy item 6324,0
Avoid this item 6325,0
Do not buy item 6326,0
Do not buy item 6327,0
Worst experience item 6328,0
Great product item 6329,1
Do not buy item 6330,0
Very disappointed item 6331,0
Fantastic quality item 6332,1
Best purchase ever item 6333,1
Excellent service item 6334,1
I love this! item 6335,1
Worst experience item 6336,0
Worst experience item 6337,0
Great product item 6338,1
Highly recommend item 6339,1
Fantastic quality item 6340,1
Waste of money item 6341,0
I love this! item 6342,1
Poor quality item 6343,0
Complete garbage item 6344,0
Worst experience item 6345,0
Waste of money item 6346,0
Do not buy item 6347,0
Best purchase ever item 6348,1
Waste of money item 6349,0
Poor quality item 6350,0
Amazing experience item 6351,1
I love this! item 6352,1
Amazing experience item 6353,1
Fantastic quality item 6354,1
Very disappointed item 6355,0
Very disappointed item 6356,0
Great product item 6357,1
Very happy with this item 6358,1
Avoid this item 6359,0
Complete garbage item 6360,0
Poor quality item 6361,0
Waste of money item 6362,0
Avoid this item 6363,0
Worst experience item 6364,0
Poor quality item 6365,0
Very happy with this item 6366,1
Best purchase ever item 6367,1
Great product item 6368,1
Fantastic quality item 6369,1
Amazing experience item 6370,1
Waste of money item 6371,0
Fantastic quality item 6372,1
Highly recommend item 6373,1
Do not buy item 6374,0
Worst experience item 6375,0
Poor quality item 6376,0
Waste of money item 6377,0
Excellent service item 6378,1
Do not buy item 6379,0
Very disappointed item 6380,0
Terrible product item 6381,0
Complete garbage item 6382,0
Waste of money item 6383,0
I love this! item 6384,1
Very disappointed item 6385,0
Avoid this item 6386,0
Very disappointed item 6387,0
Avoid this item 6388,0
Waste of money item 6389,0
Excellent service item 6390,1
Highly recommend item 6391,1
Complete garbage item 6392,0
Amazing experience item 6393,1
Complete garbage item 6394,0
Great product item 6395,1
Worst experience item 6396,0
Fantastic quality item 6397,1
Complete garbage item 6398,0
Poor quality item 6399,0
Do not buy item 6400,0
Great product item 6401,1
Avoid this item 6402,0
Do not buy item 6403,0
Best purchase ever item 6404,1
Do not buy item 6405,0
I love this! item 6406,1
Avoid this item 6407,0
Best purchase ever item 6408,1
Amazing experience item 6409,1
Great product item 6410,1
Waste of money item 6411,0
Very happy with this item 6412,1
Worst experience item 6413,0
Complete garbage item 6414,0
Fantastic quality item 6415,1
Very disappointed item 6416,0
Excellent service item 6417,1
Best purchase ever item 6418,1
Excellent service item 6419,1
Avoid this item 6420,0
Amazing experience item 6421,1
Very happy with this item 6422,1
Avoid this item 6423,0
Fantastic quality item 6424,1
Excellent service item 6425,1
Complete garbage item 6426,0
Complete garbage item 6427,0
Poor quality item 6428,0
Amazing experience item 6429,1
Excellent service item 6430,1
Fantastic quality item 6431,1
Fantastic quality item 6432,1
I love this! item 6433,1
Worst experience item 6434,0
Do not buy item 6435,0
Amazing experience item 6436,1
Avoid this item 6437,0
Waste of money item 6438,0
Great product item 6439,1
Amazing experience item 6440,1
Best purchase ever item 6441,1
Worst experience item 6442,0
Waste of money item 6443,0
Very disappointed item 6444,0
Great product item 6445,1
Best purchase ever item 6446,1
Best purchase ever item 6447,1
Waste of money item 6448,0
Poor quality item 6449,0
Very happy with this item 6450,1
Best purchase ever item 6451,1
Amazing experience item 6452,1
Avoid this item 6453,0
Terrible product item 6454,0
Highly recommend item 6455,1
Amazing experience item 6456,1
Complete garbage item 6457,0
Very disappointed item 6458,0
Complete garbage item 6459,0
Great product item 6460,1
Very happy with this item 6461,1
Fantastic quality item 6462,1
Very disappointed item 6463,0
Poor quality item 6464,0
Terrible product item 6465,0
I love this! item 6466,1
Poor quality item 6467,0
Best purchase ever item 6468,1
Great product item 6469,1
Worst experience item 6470,0
Great product item 6471,1
Avoid this item 6472,0
Worst experience item 6473,0
Great product item 6474,1
Waste of money item 6475,0
Avoid this item 6476,0
Very disappointed item 6477,0
Poor quality item 6478,0
Highly recommend item 6479,1
Fantastic quality item 6480,1
Excellent service item 6481,1
Great product item 6482,1
Poor quality item 6483,0
I love this! item 6484,1
Excellent service item 6485,1
Poor quality item 6486,0
Do not buy item 6487,0
Worst experience item 6488,0
Best purchase ever item 6489,1
Very happy with this item 6490,1
I love this! item 6491,1
Worst experience item 6492,0
Great product item 6493,1
Poor quality item 6494,0
Fantastic quality item 6495,1
Waste of money item 6496,0
Worst experience item 6497,0
Avoid this item 6498,0
Highly recommend item 6499,1
Poor quality item 6500,0
Waste of money item 6501,0
Highly recommend item 6502,1
Best purchase ever item 6503,1
Terrible product item 6504,0
Terrible product item 6505,0
I love this! item 6506,1
Terrible product item 6507,0
I love this! item 6508,1
Best purchase ever item 6509,1
Do not buy item 6510,0
Avoid this item 6511,0
Best purchase ever item 6512,1
Terrible product item 6513,0
Terrible product item 6514,0
Complete garbage item 6515,0
Very happy with this item 6516,1
Great product item 6517,1
Fantastic quality item 6518,1
Poor quality item 6519,0
Poor quality item 6520,0
Poor quality item 6521,0
Highly recommend item 6522,1
Terrible product item 6523,0
Very disappointed item 6524,0
Terrible product item 6525,0
Terrible product item 6526,0
Excellent service item 6527,1
Avoid this item 6528,0
Poor quality item 6529,0
I love this! item 6530,1
Fantastic quality item 6531,1
Poor quality item 6532,0
Terrible product item 6533,0
Poor quality item 6534,0
Terrible product item 6535,0
Amazing experience item 6536,1
Do not buy item 6537,0
Highly recommend item 6538,1
Terrible product item 6539,0
Worst experience item 6540,0
Complete garbage item 6541,0
Amazing experience item 6542,1
Very happy with this item 6543,1
Best purchase ever item 6544,1
Amazing experience item 6545,1
Complete garbage item 6546,0
Fantastic quality item 6547,1
Excellent service item 6548,1
Fantastic quality item 6549,1
Amazing experience item 6550,1
I love this! item 6551,1
Excellent service item 6552,1
Do not buy item 6553,0
I love this! item 6554,1
Great product item 6555,1
Worst experience item 6556,0
Complete garbage item 6557,0
Worst experience item 6558,0
Complete garbage item 6559,0
Amazing experience item 6560,1
Waste of money item 6561,0
Highly recommend item 6562,1
Fantastic quality item 6563,1
Excellent service item 6564,1
I love this! item 6565,1
Very happy with this item 6566,1
Amazing experience item 6567,1
Do not buy item 6568,0
Very happy with this item 6569,1
Worst experience item 6570,0
Do not buy item 6571,0
Worst experience item 6572,0
Terrible product item 6573,0
I love this! item 6574,1
Amazing experience item 6575,1
I love this! item 6576,1
Fantastic quality item 6577,1
Avoid this item 6578,0
Very disappointed item 6579,0
Waste of money item 6580,0
Great product item 6581,1
Waste of money item 6582,0
Do not buy item 6583,0
Waste of money item 6584,0
Excellent service item 6585,1
I love this! item 6586,1
Great product item 6587,1
Avoid this item 6588,0
Very disappointed item 6589,0
Amazing experience item 6590,1
Do not buy item 6591,0
Do not buy item 6592,0
Poor quality item 6593,0
Waste of money item 6594,0
Amazing experience item 6595,1
Excellent service item 6596,1
Fantastic quality item 6597,1
Highly recommend item 6598,1
Fantastic quality item 6599,1
Do not buy item 6600,0
Poor quality item 6601,0
I love this! item 6602,1
Very disappointed item 6603,0
Great product item 6604,1
Great product item 6605,1
Complete garbage item 6606,0
Complete garbage item 6607,0
Very disappointed item 6608,0
Waste of money item 6609,0
Great product item 6610,1
Highly recommend item 6611,1
Waste of money item 6612,0
Avoid this item 6613,0
Excellent service item 6614,1
I love this! item 6615,1
Best purchase ever item 6616,1
Amazing experience item 6617,1
I love this! item 6618,1
Highly recommend item 6619,1
I love this! item 6620,1
Amazing experience item 6621,1
Do not buy item 6622,0
Waste of money item 6623,0
Avoid this item 6624,0
Complete garbage item 6625,0
I love this! item 6626,1
Complete garbage item 6627,0
Poor quality item 6628,0
Poor quality item 6629,0
Avoid this item 6630,0
Waste of money item 6631,0
Amazing experience item 6632,1
Great product item 6633,1
Very happy with this item 6634,1
Waste of money item 6635,0
Poor quality item 6636,0
Waste of money item 6637,0
Fantastic quality item 6638,1
Best purchase ever item 6639,1
I love this! item 6640,1
Amazing experience item 6641,1
Great product item 6642,1
Avoid this item 6643,0
Very happy with this item 6644,1
Worst experience item 6645,0
Very disappointed item 6646,0
Best purchase ever item 6647,1
Very happy with this item 6648,1
Very happy with this item 6649,1
Very disappointed item 6650,0
Worst experience item 6651,0
Very happy with this item 6652,1
Complete garbage item 6653,0
Highly recommend item 6654,1
Terrible product item 6655,0
Excellent service item 6656,1
Do not buy item 6657,0
Complete garbage item 6658,0
Do not buy item 6659,0
Worst experience item 6660,0
Very happy with this item 6661,1
Highly recommend item 6662,1
Great product item 6663,1
Amazing experience item 6664,1
Avoid this item 6665,0
Do not buy item 6666,0
Amazing experience item 6667,1
Worst experience item 6668,0
Best purchase ever item 6669,1
I love this! item 6670,1
Best purchase ever item 6671,1
Excellent service item 6672,1
Great product item 6673,1
Excellent service item 6674,1
Waste of money item 6675,0
Best purchase ever item 6676,1
Complete garbage item 6677,0
Avoid this item 6678,0
Amazing experience item 6679,1
Complete garbage item 6680,0
Highly recommend item 6681,1
Waste of money item 6682,0
Complete garbage item 6683,0
Very happy with this item 6684,1
Very happy with this item 6685,1
I love this! item 6686,1
Best purchase ever item 6687,1
Fantastic quality item 6688,1
Amazing experience item 6689,1
Very disappointed item 6690,0
Poor quality item 6691,0
Excellent service item 6692,1
I love this! item 6693,1
Very disappointed item 6694,0
Do not buy item 6695,0
Best purchase ever item 6696,1
Avoid this item 6697,0
Poor quality item 6698,0
I love this! item 6699,1
Highly recommend item 6700,1
Very happy with this item 6701,1
Complete garbage item 6702,0
Waste of money item 6703,0
Complete garbage item 6704,0
Best purchase ever item 6705,1
Terrible product item 6706,0
Very happy with this item 6707,1
Excellent service item 6708,1
Fantastic quality item 6709,1
Great product item 6710,1
Highly recommend item 6711,1
Very happy with this item 6712,1
Fantastic quality item 6713,1
Great product item 6714,1
Poor quality item 6715,0
Very happy with this item 6716,1
Amazing experience item 6717,1
Very disappointed item 6718,0
Waste of money item 6719,0
I love this! item 6720,1
Complete garbage item 6721,0
Worst experience item 6722,0
Worst experience item 6723,0
Amazing experience item 6724,1
Worst experience item 6725,0
Complete garbage item 6726,0
Complete garbage item 6727,0
Terrible product item 6728,0
Highly recommend item 6729,1
Waste of money item 6730,0
Terrible product item 6731,0
Terrible product item 6732,0
Very happy with this item 6733,1
Fantastic quality item 6734,1
Worst experience item 6735,0
Great product item 6736,1
Do not buy item 6737,0
Best purchase ever item 6738,1
Great product item 6739,1
Very disappointed item 6740,0
Do not buy item 6741,0
Worst experience item 6742,0
Terrible product item 6743,0
Worst experience item 6744,0
Fantastic quality item 6745,1
Best purchase ever item 6746,1
Excellent service item 6747,1
Excellent service item 6748,1
Do not buy item 6749,0
Excellent service item 6750,1
Excellent service item 6751,1
Highly recommend item 6752,1
Waste of money item 6753,0
Terrible product item 6754,0
Terrible product item 6755,0
Poor quality item 6756,0
Excellent service item 6757,1
Excellent service item 6758,1
Do not buy item 6759,0
Worst experience item 6760,0
Fantastic quality item 6761,1
Avoid this item 6762,0
Complete garbage item 6763,0
Best purchase ever item 6764,1
Highly recommend item 6765,1
Waste of money item 6766,0
Avoid this item 6767,0
Poor quality item 6768,0
Poor quality item 6769,0
Poor quality item 6770,0
Very disappointed item 6771,0
I love this! item 6772,1
Avoid this item 6773,0
Highly recommend item 6774,1
Worst experience item 6775,0
Very happy with this item 6776,1
Very happy with this item 6777,1
Complete garbage item 6778,0
I love this! item 6779,1
Best purchase ever item 6780,1
Avoid this item 6781,0
Do not buy item 6782,0
Very happy with this item 6783,1
Amazing experience item 6784,1
Worst experience item 6785,0
Best purchase ever item 6786,1
Waste of money item 6787,0
Do not buy item 6788,0
Very happy with this item 6789,1
Very disappointed item 6790,0
Complete garbage item 6791,0
Terrible product item 6792,0
Avoid this item 6793,0
Poor quality item 6794,0
Highly recommend item 6795,1
Very disappointed item 6796,0
Fantastic quality item 6797,1
Best purchase ever item 6798,1
Waste of money item 6799,0
Best purchase ever item 6800,1
Very disappointed item 6801,0
Avoid this item 6802,0
Excellent service item 6803,1
Very happy with this item 6804,1
Fantastic quality item 6805,1
Very happy with this item 6806,1
Very happy with this item 6807,1
Waste of money item 6808,0
Great product item 6809,1
Great product item 6810,1
Highly recommend item 6811,1
Amazing experience item 6812,1
Waste of money item 6813,0
Excellent service item 6814,1
Excellent service item 6815,1
Avoid this item 6816,0
Terrible product item 6817,0
Fantastic quality item 6818,1
Poor quality item 6819,0
Fantastic quality item 6820,1
Very happy with this item 6821,1
Worst experience item 6822,0
Highly recommend item 6823,1
Amazing experience item 6824,1
Terrible product item 6825,0
Poor quality item 6826,0
Do not buy item 6827,0
Poor quality item 6828,0
I love this! item 6829,1
Highly recommend item 6830,1
Best purchase ever item 6831,1
Excellent service item 6832,1
Fantastic quality item 6833,1
Avoid this item 6834,0
Amazing experience item 6835,1
Amazing experience item 6836,1
Worst experience item 6837,0
Best purchase ever item 6838,1
Terrible product item 6839,0
Very happy with this item 6840,1
Fantastic quality item 6841,1
Great product item 6842,1
Poor quality item 6843,0
Terrible product item 6844,0
Poor quality item 6845,0
Poor quality item 6846,0
Best purchase ever item 6847,1
Fantastic quality item 6848,1
Poor quality item 6849,0
Poor quality item 6850,0
Avoid this item 6851,0
Poor quality item 6852,0
Amazing experience item 6853,1
Terrible product item 6854,0
I love this! item 6855,1
Terrible product item 6856,0
Great product item 6857,1
Worst experience item 6858,0
Very happy with this item 6859,1
Great product item 6860,1
Very happy with this item 6861,1
Amazing experience item 6862,1
Very happy with this item 6863,1
Highly recommend item 6864,1
Worst experience item 6865,0
Excellent service item 6866,1
Very happy with this item 6867,1
Worst experience item 6868,0
Avoid this item 6869,0
Amazing experience item 6870,1
Do not buy item 6871,0
Amazing experience item 6872,1
Waste of money item 6873,0
Avoid this item 6874,0
Avoid this item 6875,0
Best purchase ever item 6876,1
Complete garbage item 6877,0
Do not buy item 6878,0
Fantastic quality item 6879,1
I love this! item 6880,1
Complete garbage item 6881,0
Waste of money item 6882,0
Amazing experience item 6883,1
Complete garbage item 6884,0
Poor quality item 6885,0
Great product item 6886,1
Fantastic quality item 6887,1
Waste of money item 6888,0
Poor quality item 6889,0
Amazing experience item 6890,1
Highly recommend item 6891,1
Worst experience item 6892,0
Waste of money item 6893,0
Great product item 6894,1
Poor quality item 6895,0
Amazing experience item 6896,1
Great product item 6897,1
Great product item 6898,1
Complete garbage item 6899,0
Very happy with this item 6900,1
Worst experience item 6901,0
Highly recommend item 6902,1
Avoid this item 6903,0
Amazing experience item 6904,1
Great product item 6905,1
Great product item 6906,1
Best purchase ever item 6907,1
Excellent service item 6908,1
Worst experience item 6909,0
Terrible product item 6910,0
Poor quality item 6911,0
Highly recommend item 6912,1
Do not buy item 6913,0
I love this! item 6914,1
Poor quality item 6915,0
Very happy with this item 6916,1
Amazing experience item 6917,1
Amazing experience item 6918,1
Amazing experience item 6919,1
Excellent service item 6920,1
Great product item 6921,1
Fantastic quality item 6922,1
Complete garbage item 6923,0
Avoid this item 6924,0
Poor quality item 6925,0
Fantastic quality item 6926,1
Avoid this item 6927,0
Excellent service item 6928,1
Amazing experience item 6929,1
I love this! item 6930,1
Complete garbage item 6931,0
Excellent service item 6932,1
Worst experience item 6933,0
Complete garbage item 6934,0
Terrible product item 6935,0
Very happy with this item 6936,1
Highly recommend item 6937,1
Amazing experience item 6938,1
Terrible product item 6939,0
Highly recommend item 6940,1
I love this! item 6941,1
Complete garbage item 6942,0
Avoid this item 6943,0
Amazing experience item 6944,1
Poor quality item 6945,0
Best purchase ever item 6946,1
Very disappointed item 6947,0
Great product item 6948,1
Worst experience item 6949,0
Highly recommend item 6950,1
Very happy with this item 6951,1
Avoid this item 6952,0
Very disappointed item 6953,0
Terrible product item 6954,0
Fantastic quality item 6955,1
Great product item 6956,1
Best purchase ever item 6957,1
Best purchase ever item 6958,1
Avoid this item 6959,0
Great product item 6960,1
Great product item 6961,1
Excellent service item 6962,1
Do not buy item 6963,0
Complete garbage item 6964,0
Very happy with this item 6965,1
Amazing experience item 6966,1
Best purchase ever item 6967,1
I love this! item 6968,1
Waste of money item 6969,0
Avoid this item 6970,0
Worst experience item 6971,0
Terrible product item 6972,0
Avoid this item 6973,0
I love this! item 6974,1
Complete garbage item 6975,0
Do not buy item 6976,0
Excellent service item 6977,1
Do not buy item 6978,0
Worst experience item 6979,0
Very happy with this item 6980,1
I love this! item 6981,1
Very disappointed item 6982,0
Waste of money item 6983,0
Poor quality item 6984,0
Complete garbage item 6985,0
Very disappointed item 6986,0
Very happy with this item 6987,1
Best purchase ever item 6988,1
Terrible product item 6989,0
Amazing experience item 6990,1
Highly recommend item 6991,1
Amazing experience item 6992,1
Very disappointed item 6993,0
Poor quality item 6994,0
Best purchase ever item 6995,1
Very happy with this item 6996,1
Amazing experience item 6997,1
Excellent service item 6998,1
Great product item 6999,1
Very disappointed item 7000,0
Terrible product item 7001,0
Poor quality item 7002,0
Fantastic quality item 7003,1
Do not buy item 7004,0
Very happy with this item 7005,1
Do not buy item 7006,0
I love this! item 7007,1
Terrible product item 7008,0
I love this! item 7009,1
Complete garbage item 7010,0
Great product item 7011,1
Amazing experience item 7012,1
Very happy with this item 7013,1
Great product item 7014,1
Avoid this item 7015,0
Waste of money item 7016,0
Great product item 7017,1
Avoid this item 7018,0
Great product item 7019,1
Great product item 7020,1
Amazing experience item 7021,1
Complete garbage item 7022,0
Fantastic quality item 7023,1
Very disappointed item 7024,0
Very happy with this item 7025,1
Worst experience item 7026,0
Excellent service item 7027,1
Highly recommend item 7028,1
Waste of money item 7029,0
Do not buy item 7030,0
I love this! item 7031,1
Avoid this item 7032,0
Worst experience item 7033,0
Worst experience item 7034,0
Very disappointed item 7035,0
Highly recommend item 7036,1
Worst experience item 7037,0
Highly recommend item 7038,1
Amazing experience item 7039,1
Very disappointed item 7040,0
Do not buy item 7041,0
Avoid this item 7042,0
Highly recommend item 7043,1
Very happy with this item 7044,1
Worst experience item 7045,0
Amazing experience item 7046,1
Very disappointed item 7047,0
Complete garbage item 7048,0
Complete garbage item 7049,0
Excellent service item 7050,1
Highly recommend item 7051,1
Poor quality item 7052,0
Poor quality item 7053,0
I love this! item 7054,1
Poor quality item 7055,0
Amazing experience item 7056,1
Avoid this item 7057,0
Highly recommend item 7058,1
Great product item 7059,1
Best purchase ever item 7060,1
Amazing experience item 7061,1
Worst experience item 7062,0
Worst experience item 7063,0
Highly recommend item 7064,1
Amazing experience item 7065,1
Avoid this item 7066,0
Terrible product item 7067,0
Fantastic quality item 7068,1
Complete garbage item 7069,0
Avoid this item 7070,0
Great product item 7071,1
Excellent service item 7072,1
Very happy with this item 7073,1
Best purchase ever item 7074,1
Fantastic quality item 7075,1
Poor quality item 7076,0
Poor quality item 7077,0
Excellent service item 7078,1
Best purchase ever item 7079,1
Do not buy item 7080,0
Complete garbage item 7081,0
Very happy with this item 7082,1
Terrible product item 7083,0
Great product item 7084,1
Poor quality item 7085,0
Great product item 7086,1
Very happy with this item 7087,1
Avoid this item 7088,0
Highly recommend item 7089,1
I love this! item 7090,1
Very happy with this item 7091,1
Very happy with this item 7092,1
Waste of money item 7093,0
Excellent service item 7094,1
Waste of money item 7095,0
Waste of money item 7096,0
Highly recommend item 7097,1
Amazing experience item 7098,1
Best purchase ever item 7099,1
Best purchase ever item 7100,1
Terrible product item 7101,0
Fantastic quality item 7102,1
Highly recommend item 7103,1
Waste of money item 7104,0
Avoid this item 7105,0
Amazing experience item 7106,1
I love this! item 7107,1
Amazing experience item 7108,1
Best purchase ever item 7109,1
Complete garbage item 7110,0
Worst experience item 7111,0
Very happy with this item 7112,1
Terrible product item 7113,0
Avoid this item 7114,0
Do not buy item 7115,0
Do not buy item 7116,0
Do not buy item 7117,0
Very happy with this item 7118,1
Great product item 7119,1
Very disappointed item 7120,0
Complete garbage item 7121,0
I love this! item 7122,1
Waste of money item 7123,0
Terrible product item 7124,0
Excellent service item 7125,1
Worst experience item 7126,0
Waste of money item 7127,0
Great product item 7128,1
Fantastic quality item 7129,1
Highly recommend item 7130,1
Do not buy item 7131,0
I love this! item 7132,1
Poor quality item 7133,0
Terrible product item 7134,0
Worst experience item 7135,0
Avoid this item 7136,0
Great product item 7137,1
I love this! item 7138,1
Waste of money item 7139,0
Best purchase ever item 7140,1
Amazing experience item 7141,1
Amazing experience item 7142,1
Worst experience item 7143,0
Poor quality item 7144,0
Very happy with this item 7145,1
Worst experience item 7146,0
Waste of money item 7147,0
Amazing experience item 7148,1
Complete garbage item 7149,0
Poor quality item 7150,0
I love this! item 7151,1
Poor quality item 7152,0
Excellent service item 7153,1
Highly recommend item 7154,1
Waste of money item 7155,0
Very disappointed item 7156,0
Complete garbage item 7157,0
Very disappointed item 7158,0
Avoid this item 7159,0
Poor quality item 7160,0
Complete garbage item 7161,0
Fantastic quality item 7162,1
Great product item 7163,1
Very happy with this item 7164,1
Avoid this item 7165,0
Worst experience item 7166,0
Amazing experience item 7167,1
Fantastic quality item 7168,1
Terrible product item 7169,0
Fantastic quality item 7170,1
Very disappointed item 7171,0
Terrible product item 7172,0
Avoid this item 7173,0
Complete garbage item 7174,0
I love this! item 7175,1
Very happy with this item 7176,1
Fantastic quality item 7177,1
Waste of money item 7178,0
Complete garbage item 7179,0
Worst experience item 7180,0
Very happy with this item 7181,1
Worst experience item 7182,0
Do not buy item 7183,0
Complete garbage item 7184,0
Poor quality item 7185,0
Do not buy item 7186,0
Avoid this item 7187,0
Best purchase ever item 7188,1
Worst experience item 7189,0
Worst experience item 7190,0
Very disappointed item 7191,0
Great product item 7192,1
I love this! item 7193,1
Avoid this item 7194,0
I love this! item 7195,1
Terrible product item 7196,0
Great product item 7197,1
Worst experience item 7198,0
Great product item 7199,1
Worst experience item 7200,0
Best purchase ever item 7201,1
Very happy with this item 7202,1
Very happy with this item 7203,1
Poor quality item 7204,0
Very disappointed item 7205,0
Fantastic quality item 7206,1
Terrible product item 7207,0
Worst experience item 7208,0
Do not buy item 7209,0
Best purchase ever item 7210,1
Avoid this item 7211,0
Poor quality item 7212,0
Highly recommend item 7213,1
Poor quality item 7214,0
Terrible product item 7215,0
Great product item 7216,1
I love this! item 7217,1
I love this! item 7218,1
Very disappointed item 7219,0
Avoid this item 7220,0
Avoid this item 7221,0
Worst experience item 7222,0
I love this! item 7223,1
Great product item 7224,1
Do not buy item 7225,0
Waste of money item 7226,0
Complete garbage item 7227,0
Best purchase ever item 7228,1
Great product item 7229,1
Very happy with this item 7230,1
Amazing experience item 7231,1
Great product item 7232,1
Fantastic quality item 7233,1
Avoid this item 7234,0
Avoid this item 7235,0
Very disappointed item 7236,0
Worst experience item 7237,0
Do not buy item 7238,0
Great product item 7239,1
I love this! item 7240,1
Complete garbage item 7241,0
Highly recommend item 7242,1
Amazing experience item 7243,1
Avoid this item 7244,0
Excellent service item 7245,1
Waste of money item 7246,0
Very happy with this item 7247,1
Highly recommend item 7248,1
Fantastic quality item 7249,1
Very disappointed item 7250,0
Best purchase ever item 7251,1
Poor quality item 7252,0
Waste of money item 7253,0
Poor quality item 7254,0
Poor quality item 7255,0
Highly recommend item 7256,1
Excellent service item 7257,1
Waste of money item 7258,0
Amazing experience item 7259,1
Great product item 7260,1
Best purchase ever item 7261,1
Complete garbage item 7262,0
I love this! item 7263,1
Complete garbage item 7264,0
Do not buy item 7265,0
Complete garbage item 7266,0
Amazing experience item 7267,1
Highly recommend item 7268,1
Poor quality item 7269,0
Poor quality item 7270,0
Fantastic quality item 7271,1
Best purchase ever item 7272,1
Avoid this item 7273,0
Excellent service item 7274,1
Worst experience item 7275,0
Highly recommend item 7276,1
Amazing experience item 7277,1
Waste of money item 7278,0
Very happy with this item 7279,1
Great product item 7280,1
Very happy with this item 7281,1
Avoid this item 7282,0
Waste of money item 7283,0
Amazing experience item 7284,1
Best purchase ever item 7285,1
Fantastic quality item 7286,1
Very disappointed item 7287,0
Very disappointed item 7288,0
Avoid this item 7289,0
Avoid this item 7290,0
Excellent service item 7291,1
Complete garbage item 7292,0
Avoid this item 7293,0
Best purchase ever item 7294,1
Best purchase ever item 7295,1
Very disappointed item 7296,0
Best purchase ever item 7297,1
Very happy with this item 7298,1
Very happy with this item 7299,1
Poor quality item 7300,0
Highly recommend item 7301,1
Very disappointed item 7302,0
I love this! item 7303,1
Waste of money item 7304,0
Waste of money item 7305,0
Amazing experience item 7306,1
Avoid this item 7307,0
Do not buy item 7308,0
Great product item 7309,1
Waste of money item 7310,0
Great product item 7311,1
Amazing experience item 7312,1
Terrible product item 7313,0
Best purchase ever item 7314,1
Poor quality item 7315,0
Excellent service item 7316,1
Best purchase ever item 7317,1
Highly recommend item 7318,1
Highly recommend item 7319,1
I love this! item 7320,1
Highly recommend item 7321,1
Worst experience item 7322,0
Excellent service item 7323,1
Very disappointed item 7324,0
I love this! item 7325,1
Fantastic quality item 7326,1
Complete garbage item 7327,0
Highly recommend item 7328,1
Very happy with this item 7329,1
Do not buy item 7330,0
Fantastic quality item 7331,1
Worst experience item 7332,0
I love this! item 7333,1
Waste of money item 7334,0
Very happy with this item 7335,1
Do not buy item 7336,0
Do not buy item 7337,0
Best purchase ever item 7338,1
Best purchase ever item 7339,1
Fantastic quality item 7340,1
I love this! item 7341,1
Waste of money item 7342,0
Great product item 7343,1
Excellent service item 7344,1
Fantastic quality item 7345,1
Amazing experience item 7346,1
Poor quality item 7347,0
Highly recommend item 7348,1
Fantastic quality item 7349,1
I love this! item 7350,1
Terrible product item 7351,0
Best purchase ever item 7352,1
Terrible product item 7353,0
Avoid this item 7354,0
Poor quality item 7355,0
Highly recommend item 7356,1
Worst experience item 7357,0
Poor quality item 7358,0
Worst experience item 7359,0
Highly recommend item 7360,1
Avoid this item 7361,0
Amazing experience item 7362,1
Terrible product item 7363,0
Terrible product item 7364,0
Excellent service item 7365,1
Waste of money item 7366,0
Excellent service item 7367,1
Amazing experience item 7368,1
Waste of money item 7369,0
Poor quality item 7370,0
Complete garbage item 7371,0
Complete garbage item 7372,0
Do not buy item 7373,0
Worst experience item 7374,0
Very happy with this item 7375,1
Waste of money item 7376,0
Avoid this item 7377,0
Worst experience item 7378,0
Terrible product item 7379,0
Poor quality item 7380,0
Amazing experience item 7381,1
Worst experience item 7382,0
Amazing experience item 7383,1
Terrible product item 7384,0
Fantastic quality item 7385,1
Highly recommend item 7386,1
Do not buy item 7387,0
Terrible product item 7388,0
Worst experience item 7389,0
Complete garbage item 7390,0
Best purchase ever item 7391,1
Complete garbage item 7392,0
Very happy with this item 7393,1
Fantastic quality item 7394,1
Do not buy item 7395,0
Very disappointed item 7396,0
Great product item 7397,1
Great product item 7398,1
Poor quality item 7399,0
Poor quality item 7400,0
Do not buy item 7401,0
Worst experience item 7402,0
Avoid this item 7403,0
Best purchase ever item 7404,1
Waste of money item 7405,0
Excellent service item 7406,1
Terrible product item 7407,0
Avoid this item 7408,0
Poor quality item 7409,0
Highly recommend item 7410,1
Complete garbage item 7411,0
Fantastic quality item 7412,1
Avoid this item 7413,0
Very disappointed item 7414,0
Best purchase ever item 7415,1
Worst experience item 7416,0
I love this! item 7417,1
Waste of money item 7418,0
I love this! item 7419,1
Excellent service item 7420,1
Amazing experience item 7421,1
Great product item 7422,1
Avoid this item 7423,0
Do not buy item 7424,0
Excellent service item 7425,1
Amazing experience item 7426,1
Poor quality item 7427,0
Complete garbage item 7428,0
Do not buy item 7429,0
Amazing experience item 7430,1
Very disappointed item 7431,0
Very happy with this item 7432,1
Excellent service item 7433,1
Highly recommend item 7434,1
Very disappointed item 7435,0
Very happy with this item 7436,1
Do not buy item 7437,0
Avoid this item 7438,0
Highly recommend item 7439,1
Do not buy item 7440,0
Best purchase ever item 7441,1
Excellent service item 7442,1
Worst experience item 7443,0
Avoid this item 7444,0
Do not buy item 7445,0
Do not buy item 7446,0
Very happy with this item 7447,1
Amazing experience item 7448,1
Amazing experience item 7449,1
Very happy with this item 7450,1
Complete garbage item 7451,0
Very happy with this item 7452,1
Do not buy item 7453,0
Fantastic quality item 7454,1
Amazing experience item 7455,1
Excellent service item 7456,1
Complete garbage item 7457,0
Great product item 7458,1
Amazing experience item 7459,1
Highly recommend item 7460,1
Poor quality item 7461,0
I love this! item 7462,1
Do not buy item 7463,0
Best purchase ever item 7464,1
Excellent service item 7465,1
Highly recommend item 7466,1
Fantastic quality item 7467,1
Great product item 7468,1
Fantastic quality item 7469,1
Best purchase ever item 7470,1
Avoid this item 7471,0
Complete garbage item 7472,0
Highly recommend item 7473,1
Amazing experience item 7474,1
Complete garbage item 7475,0
Best purchase ever item 7476,1
Complete garbage item 7477,0
Excellent service item 7478,1
Best purchase ever item 7479,1
Waste of money item 7480,0
Do not buy item 7481,0
Excellent service item 7482,1
Waste of money item 7483,0
Best purchase ever item 7484,1
Do not buy item 7485,0
Waste of money item 7486,0
Terrible product item 7487,0
Very disappointed item 7488,0
Best purchase ever item 7489,1
Very happy with this item 7490,1
Worst experience item 7491,0
Very disappointed item 7492,0
Worst experience item 7493,0
Highly recommend item 7494,1
Poor quality item 7495,0
Avoid this item 7496,0
Avoid this item 7497,0
Worst experience item 7498,0
Worst experience item 7499,0
Very happy with this item 7500,1
I love this! item 7501,1
Very happy with this item 7502,1
Fantastic quality item 7503,1
Complete garbage item 7504,0
Excellent service item 7505,1
Very disappointed item 7506,0
Best purchase ever item 7507,1
Very happy with this item 7508,1
Poor quality item 7509,0
Best purchase ever item 7510,1
Avoid this item 7511,0
Great product item 7512,1
Fantastic quality item 7513,1
Poor quality item 7514,0
Very happy with this item 7515,1
Avoid this item 7516,0
Very disappointed item 7517,0
Best purchase ever item 7518,1
Amazing experience item 7519,1
Very disappointed item 7520,0
Excellent service item 7521,1
Complete garbage item 7522,0
Waste of money item 7523,0
Amazing experience item 7524,1
Poor quality item 7525,0
Great product item 7526,1
Amazing experience item 7527,1
Best purchase ever item 7528,1
Fantastic quality item 7529,1
Terrible product item 7530,0
Very happy with this item 7531,1
I love this! item 7532,1
Worst experience item 7533,0
Waste of money item 7534,0
Best purchase ever item 7535,1
Poor quality item 7536,0
Terrible product item 7537,0
Do not buy item 7538,0
Do not buy item 7539,0
Do not buy item 7540,0
Complete garbage item 7541,0
Excellent service item 7542,1
Best purchase ever item 7543,1
Very happy with this item 7544,1
Very disappointed item 7545,0
Amazing experience item 7546,1
Very happy with this item 7547,1
Avoid this item 7548,0
Waste of money item 7549,0
Do not buy item 7550,0
Terrible product item 7551,0
Great product item 7552,1
I love this! item 7553,1
Avoid this item 7554,0
I love this! item 7555,1
Waste of money item 7556,0
Waste of money item 7557,0
Do not buy item 7558,0
Excellent service item 7559,1
Complete garbage item 7560,0
Excellent service item 7561,1
Highly recommend item 7562,1
Very disappointed item 7563,0
Great product item 7564,1
Fantastic quality item 7565,1
I love this! item 7566,1
Poor quality item 7567,0
Very disappointed item 7568,0
Highly recommend item 7569,1
Do not buy item 7570,0
Very happy with this item 7571,1
Great product item 7572,1
Waste of money item 7573,0
Do not buy item 7574,0
Very disappointed item 7575,0
Do not buy item 7576,0
Worst experience item 7577,0
Fantastic quality item 7578,1
Complete garbage item 7579,0
Great product item 7580,1
Avoid this item 7581,0
Poor quality item 7582,0
Worst experience item 7583,0
Fantastic quality item 7584,1
Amazing experience item 7585,1
Waste of money item 7586,0
Waste of money item 7587,0
Best purchase ever item 7588,1
I love this! item 7589,1
Poor quality item 7590,0
Great product item 7591,1
Very happy with this item 7592,1
Avoid this item 7593,0
Do not buy item 7594,0
Great product item 7595,1
Highly recommend item 7596,1
Waste of money item 7597,0
Highly recommend item 7598,1
Complete garbage item 7599,0
Complete garbage item 7600,0
Terrible product item 7601,0
Poor quality item 7602,0
Amazing experience item 7603,1
Worst experience item 7604,0
I love this! item 7605,1
Worst experience item 7606,0
Great product item 7607,1
Terrible product item 7608,0
Fantastic quality item 7609,1
Do not buy item 7610,0
Best purchase ever item 7611,1
Fantastic quality item 7612,1
Avoid this item 7613,0
Worst experience item 7614,0
Worst experience item 7615,0
Very happy with this item 7616,1
Fantastic quality item 7617,1
Highly recommend item 7618,1
Worst experience item 7619,0
Poor quality item 7620,0
Fantastic quality item 7621,1
Terrible product item 7622,0
Excellent service item 7623,1
Waste of money item 7624,0
Worst experience item 7625,0
Best purchase ever item 7626,1
Avoid this item 7627,0
Very disappointed item 7628,0
Excellent service item 7629,1
Fantastic quality item 7630,1
Complete garbage item 7631,0
Avoid this item 7632,0
Amazing experience item 7633,1
Very happy with this item 7634,1
Highly recommend item 7635,1
Highly recommend item 7636,1
Poor quality item 7637,0
Waste of money item 7638,0
I love this! item 7639,1
Poor quality item 7640,0
Complete garbage item 7641,0
Waste of money item 7642,0
Fantastic quality item 7643,1
Do not buy item 7644,0
Great product item 7645,1
Amazing experience item 7646,1
Highly recommend item 7647,1
Very happy with this item 7648,1
Amazing experience item 7649,1
Avoid this item 7650,0
Highly recommend item 7651,1
Poor quality item 7652,0
Poor quality item 7653,0
Worst experience item 7654,0
Complete garbage item 7655,0
Very disappointed item 7656,0
Best purchase ever item 7657,1
Avoid this item 7658,0
Amazing experience item 7659,1
Very happy with this item 7660,1
Fantastic quality item 7661,1
Amazing experience item 7662,1
Worst experience item 7663,0
Terrible product item 7664,0
Worst experience item 7665,0
I love this! item 7666,1
Highly recommend item 7667,1
Highly recommend item 7668,1
Great product item 7669,1
Great product item 7670,1
Amazing experience item 7671,1
Do not buy item 7672,0
Very happy with this item 7673,1
Great product item 7674,1
Avoid this item 7675,0
Highly recommend item 7676,1
Do not buy item 7677,0
Do not buy item 7678,0
Amazing experience item 7679,1
Fantastic quality item 7680,1
Very happy with this item 7681,1
Terrible product item 7682,0
Worst experience item 7683,0
Complete garbage item 7684,0
Excellent service item 7685,1
Highly recommend item 7686,1
Worst experience item 7687,0
Amazing experience item 7688,1
Very disappointed item 7689,0
Highly recommend item 7690,1
Very happy with this item 7691,1
Excellent service item 7692,1
Terrible product item 7693,0
Waste of money item 7694,0
Poor quality item 7695,0
Waste of money item 7696,0
Fantastic quality item 7697,1
Great product item 7698,1
Very happy with this item 7699,1
Do not buy item 7700,0
Highly recommend item 7701,1
Very happy with this item 7702,1
Fantastic quality item 7703,1
Fantastic quality item 7704,1
Complete garbage item 7705,0
I love this! item 7706,1
Avoid this item 7707,0
Great product item 7708,1
Very disappointed item 7709,0
Very disappointed item 7710,0
Very happy with this item 7711,1
Avoid this item 7712,0
Very happy with this item 7713,1
Complete garbage item 7714,0
Poor quality item 7715,0
Best purchase ever item 7716,1
Avoid this item 7717,0
Highly recommend item 7718,1
Very disappointed item 7719,0
Worst experience item 7720,0
Do not buy item 7721,0
Best purchase ever item 7722,1
Very happy with this item 7723,1
Do not buy item 7724,0
Best purchase ever item 7725,1
Fantastic quality item 7726,1
Great product item 7727,1
Terrible product item 7728,0
Excellent service item 7729,1
Amazing experience item 7730,1
Worst experience item 7731,0
Do not buy item 7732,0
Very happy with this item 7733,1
Best purchase ever item 7734,1
Very disappointed item 7735,0
Very disappointed item 7736,0
Best purchase ever item 7737,1
Very disappointed item 7738,0
Very disappointed item 7739,0
Excellent service item 7740,1
Great product item 7741,1
Best purchase ever item 7742,1
Do not buy item 7743,0
Worst experience item 7744,0
Complete garbage item 7745,0
Complete garbage item 7746,0
I love this! item 7747,1
Do not buy item 7748,0
Great product item 7749,1
Do not buy item 7750,0
Terrible product item 7751,0
Complete garbage item 7752,0
Excellent service item 7753,1
Very happy with this item 7754,1
Worst experience item 7755,0
Avoid this item 7756,0
I love this! item 7757,1
Fantastic quality item 7758,1
I love this! item 7759,1
Great product item 7760,1
Very happy with this item 7761,1
Excellent service item 7762,1
Do not buy item 7763,0
Poor quality item 7764,0
Amazing experience item 7765,1
Amazing experience item 7766,1
Avoid this item 7767,0
Waste of money item 7768,0
Fantastic quality item 7769,1
Very happy with this item 7770,1
Very disappointed item 7771,0
Do not buy item 7772,0
Do not buy item 7773,0
Best purchase ever item 7774,1
Great product item 7775,1
Amazing experience item 7776,1
Poor quality item 7777,0
Best purchase ever item 7778,1
Worst experience item 7779,0
Terrible product item 7780,0
I love this! item 7781,1
Amazing experience item 7782,1
Worst experience item 7783,0
Terrible product item 7784,0
Excellent service item 7785,1
Waste of money item 7786,0
Very happy with this item 7787,1
Highly recommend item 7788,1
Very disappointed item 7789,0
Waste of money item 7790,0
I love this! item 7791,1
Poor quality item 7792,0
Fantastic quality item 7793,1
Highly recommend item 7794,1
Highly recommend item 7795,1
Do not buy item 7796,0
Very disappointed item 7797,0
Best purchase ever item 7798,1
Fantastic quality item 7799,1
Terrible product item 7800,0
Amazing experience item 7801,1
Do not buy item 7802,0
Avoid this item 7803,0
Amazing experience item 7804,1
Terrible product item 7805,0
Highly recommend item 7806,1
Poor quality item 7807,0
Excellent service item 7808,1
Avoid this item 7809,0
Do not buy item 7810,0
Avoid this item 7811,0
Poor quality item 7812,0
Waste of money item 7813,0
Best purchase ever item 7814,1
Poor quality item 7815,0
Very happy with this item 7816,1
Very disappointed item 7817,0
Amazing experience item 7818,1
Very disappointed item 7819,0
Highly recommend item 7820,1
Avoid this item 7821,0
Avoid this item 7822,0
Fantastic quality item 7823,1
Fantastic quality item 7824,1
Fantastic quality item 7825,1
Very disappointed item 7826,0
I love this! item 7827,1
Very disappointed item 7828,0
Excellent service item 7829,1
Worst experience item 7830,0
Very happy with this item 7831,1
Complete garbage item 7832,0
Highly recommend item 7833,1
Highly recommend item 7834,1
I love this! item 7835,1
Terrible product item 7836,0
Great product item 7837,1
Great product item 7838,1
Highly recommend item 7839,1
Great product item 7840,1
Best purchase ever item 7841,1
Do not buy item 7842,0
Very disappointed item 7843,0
Poor quality item 7844,0
Highly recommend item 7845,1
Avoid this item 7846,0
Amazing experience item 7847,1
Complete garbage item 7848,0
Do not buy item 7849,0
Avoid this item 7850,0
Avoid this item 7851,0
Highly recommend item 7852,1
Avoid this item 7853,0
Highly recommend item 7854,1
Highly recommend item 7855,1
Excellent service item 7856,1
Highly recommend item 7857,1
Excellent service item 7858,1
Terrible product item 7859,0
I love this! item 7860,1
Best purchase ever item 7861,1
Very disappointed item 7862,0
Complete garbage item 7863,0
Waste of money item 7864,0
Fantastic quality item 7865,1
Terrible product item 7866,0
Complete garbage item 7867,0
Complete garbage item 7868,0
Great product item 7869,1
Very disappointed item 7870,0
Complete garbage item 7871,0
Poor quality item 7872,0
Very happy with this item 7873,1
Very happy with this item 7874,1
Poor quality item 7875,0
Waste of money item 7876,0
Terrible product item 7877,0
Poor quality item 7878,0
Fantastic quality item 7879,1
Great product item 7880,1
Excellent service item 7881,1
Fantastic quality item 7882,1
Very happy with this item 7883,1
Do not buy item 7884,0
Worst experience item 7885,0
Waste of money item 7886,0
Great product item 7887,1
Great product item 7888,1
Great product item 7889,1
Do not buy item 7890,0
Great product item 7891,1
Terrible product item 7892,0
Waste of money item 7893,0
Great product item 7894,1
Terrible product item 7895,0
Excellent service item 7896,1
Very happy with this item 7897,1
Great product item 7898,1
Excellent service item 7899,1
Complete garbage item 7900,0
Fantastic quality item 7901,1
Very happy with this item 7902,1
Excellent service item 7903,1
Highly recommend item 7904,1
Great product item 7905,1
Fantastic quality item 7906,1
Amazing experience item 7907,1
Fantastic quality item 7908,1
Excellent service item 7909,1
Poor quality item 7910,0
Fantastic quality item 7911,1
Great product item 7912,1
Excellent service item 7913,1
Avoid this item 7914,0
Poor quality item 7915,0
Highly recommend item 7916,1
Terrible product item 7917,0
Terrible product item 7918,0
Poor quality item 7919,0
Poor quality item 7920,0
Poor quality item 7921,0
Very disappointed item 7922,0
I love this! item 7923,1
Poor quality item 7924,0
Waste of money item 7925,0
Avoid this item 7926,0
Very disappointed item 7927,0
Do not buy item 7928,0
Fantastic quality item 7929,1
Very disappointed item 7930,0
Very disappointed item 7931,0
Amazing experience item 7932,1
Best purchase ever item 7933,1
Fantastic quality item 7934,1
Waste of money item 7935,0
Best purchase ever item 7936,1
Highly recommend item 7937,1
Avoid this item 7938,0
Worst experience item 7939,0
Fantastic quality item 7940,1
Fantastic quality item 7941,1
Amazing experience item 7942,1
Very disappointed item 7943,0
Excellent service item 7944,1
Very happy with this item 7945,1
Fantastic quality item 7946,1
Fantastic quality item 7947,1
Poor quality item 7948,0
Avoid this item 7949,0
I love this! item 7950,1
Do not buy item 7951,0
Complete garbage item 7952,0
I love this! item 7953,1
Excellent service item 7954,1
Fantastic quality item 7955,1
Complete garbage item 7956,0
Amazing experience item 7957,1
Do not buy item 7958,0
Amazing experience item 7959,1
Complete garbage item 7960,0
Avoid this item 7961,0
Highly recommend item 7962,1
Terrible product item 7963,0
Avoid this item 7964,0
Complete garbage item 7965,0
Amazing experience item 7966,1
Best purchase ever item 7967,1
Very disappointed item 7968,0
Best purchase ever item 7969,1
Fantastic quality item 7970,1
Avoid this item 7971,0
Amazing experience item 7972,1
Avoid this item 7973,0
Very happy with this item 7974,1
Best purchase ever item 7975,1
Excellent service item 7976,1
Highly recommend item 7977,1
Terrible product item 7978,0
Terrible product item 7979,0
Waste of money item 7980,0
I love this! item 7981,1
Best purchase ever item 7982,1
Waste of money item 7983,0
Avoid this item 7984,0
Fantastic quality item 7985,1
Avoid this item 7986,0
Do not buy item 7987,0
Excellent service item 7988,1
Avoid this item 7989,0
Great product item 7990,1
I love this! item 7991,1
Highly recommend item 7992,1
Very disappointed item 7993,0
Complete garbage item 7994,0
Great product item 7995,1
Excellent service item 7996,1
Excellent service item 7997,1
Worst experience item 7998,0
Poor quality item 7999,0
Very happy with this item 8000,1
I love this! item 8001,1
Best purchase ever item 8002,1
Terrible product item 8003,0
Waste of money item 8004,0
Very happy with this item 8005,1
Best purchase ever item 8006,1
Great product item 8007,1
Amazing experience item 8008,1
I love this! item 8009,1
Excellent service item 8010,1
Avoid this item 8011,0
Worst experience item 8012,0
Do not buy item 8013,0
Very happy with this item 8014,1
Highly recommend item 8015,1
Very disappointed item 8016,0
Amazing experience item 8017,1
Best purchase ever item 8018,1
Amazing experience item 8019,1
Great product item 8020,1
Poor quality item 8021,0
Best purchase ever item 8022,1
Very disappointed item 8023,0
Very disappointed item 8024,0
Very happy with this item 8025,1
Waste of money item 8026,0
Very happy with this item 8027,1
Best purchase ever item 8028,1
Worst experience item 8029,0
Poor quality item 8030,0
Best purchase ever item 8031,1
Fantastic quality item 8032,1
Complete garbage item 8033,0
Do not buy item 8034,0
Highly recommend item 8035,1
Very happy with this item 8036,1
Poor quality item 8037,0
Waste of money item 8038,0
Worst experience item 8039,0
Fantastic quality item 8040,1
Very disappointed item 8041,0
Best purchase ever item 8042,1
Very disappointed item 8043,0
Waste of money item 8044,0
Very happy with this item 8045,1
Waste of money item 8046,0
Worst experience item 8047,0
Very disappointed item 8048,0
Do not buy item 8049,0
Excellent service item 8050,1
Excellent service item 8051,1
Complete garbage item 8052,0
Terrible product item 8053,0
Very happy with this item 8054,1
Complete garbage item 8055,0
Avoid this item 8056,0
Terrible product item 8057,0
Amazing experience item 8058,1
Avoid this item 8059,0
Worst experience item 8060,0
Amazing experience item 8061,1
Amazing experience item 8062,1
Fantastic quality item 8063,1
Waste of money item 8064,0
Amazing experience item 8065,1
Fantastic quality item 8066,1
Waste of money item 8067,0
Excellent service item 8068,1
Do not buy item 8069,0
Highly recommend item 8070,1
Best purchase ever item 8071,1
Terrible product item 8072,0
Great product item 8073,1
Very happy with this item 8074,1
Great product item 8075,1
Fantastic quality item 8076,1
Complete garbage item 8077,0
Great product item 8078,1
Highly recommend item 8079,1
Worst experience item 8080,0
I love this! item 8081,1
Excellent service item 8082,1
Highly recommend item 8083,1
Avoid this item 8084,0
Excellent service item 8085,1
Waste of money item 8086,0
I love this! item 8087,1
Complete garbage item 8088,0
Great product item 8089,1
Worst experience item 8090,0
Avoid this item 8091,0
Very disappointed item 8092,0
Waste of money item 8093,0
Amazing experience item 8094,1
Fantastic quality item 8095,1
Avoid this item 8096,0
Complete garbage item 8097,0
Terrible product item 8098,0
Great product item 8099,1
Avoid this item 8100,0
Very happy with this item 8101,1
Best purchase ever item 8102,1
Poor quality item 8103,0
Do not buy item 8104,0
Great product item 8105,1
Worst experience item 8106,0
Do not buy item 8107,0
Highly recommend item 8108,1
Highly recommend item 8109,1
Excellent service item 8110,1
Poor quality item 8111,0
Great product item 8112,1
Do not buy item 8113,0
Great product item 8114,1
I love this! item 8115,1
Fantastic quality item 8116,1
Waste of money item 8117,0
Very happy with this item 8118,1
Very happy with this item 8119,1
Worst experience item 8120,0
Fantastic quality item 8121,1
Terrible product item 8122,0
I love this! item 8123,1
I love this! item 8124,1
I love this! item 8125,1
Do not buy item 8126,0
Worst experience item 8127,0
I love this! item 8128,1
Highly recommend item 8129,1
Complete garbage item 8130,0
Fantastic quality item 8131,1
Waste of money item 8132,0
Excellent service item 8133,1
Fantastic quality item 8134,1
Fantastic quality item 8135,1
Do not buy item 8136,0
I love this! item 8137,1
Excellent service item 8138,1
I love this! item 8139,1
Great product item 8140,1
Best purchase ever item 8141,1
I love this! item 8142,1
Worst experience item 8143,0
Do not buy item 8144,0
Great product item 8145,1
Worst experience item 8146,0
Worst experience item 8147,0
Worst experience item 8148,0
Terrible product item 8149,0
Complete garbage item 8150,0
Complete garbage item 8151,0
Great product item 8152,1
Avoid this item 8153,0
Highly recommend item 8154,1
Terrible product item 8155,0
Poor quality item 8156,0
Great product item 8157,1
I love this! item 8158,1
Highly recommend item 8159,1
Poor quality item 8160,0
Complete garbage item 8161,0
Highly recommend item 8162,1
Excellent service item 8163,1
Do not buy item 8164,0
Best purchase ever item 8165,1
I love this! item 8166,1
I love this! item 8167,1
Fantastic quality item 8168,1
Terrible product item 8169,0
Great product item 8170,1
Highly recommend item 8171,1
Highly recommend item 8172,1
I love this! item 8173,1
Waste of money item 8174,0
Poor quality item 8175,0
Highly recommend item 8176,1
Waste of money item 8177,0
Waste of money item 8178,0
Great product item 8179,1
Amazing experience item 8180,1
Very happy with this item 8181,1
Best purchase ever item 8182,1
Worst experience item 8183,0
Excellent service item 8184,1
Excellent service item 8185,1
Very disappointed item 8186,0
Very disappointed item 8187,0
Worst experience item 8188,0
Highly recommend item 8189,1
Amazing experience item 8190,1
Great product item 8191,1
Very disappointed item 8192,0
Amazing experience item 8193,1
Avoid this item 8194,0
Amazing experience item 8195,1
Waste of money item 8196,0
Best purchase ever item 8197,1
Best purchase ever item 8198,1
Fantastic quality item 8199,1
Excellent service item 8200,1
Do not buy item 8201,0
Very happy with this item 8202,1
Best purchase ever item 8203,1
I love this! item 8204,1
Avoid this item 8205,0
Excellent service item 8206,1
Very happy with this item 8207,1
Worst experience item 8208,0
Complete garbage item 8209,0
Very disappointed item 8210,0
Waste of money item 8211,0
Do not buy item 8212,0
Excellent service item 8213,1
Amazing experience item 8214,1
Do not buy item 8215,0
Poor quality item 8216,0
Very disappointed item 8217,0
Waste of money item 8218,0
Fantastic quality item 8219,1
Highly recommend item 8220,1
Worst experience item 8221,0
Very happy with this item 8222,1
I love this! item 8223,1
Do not buy item 8224,0
Best purchase ever item 8225,1
Terrible product item 8226,0
Do not buy item 8227,0
Terrible product item 8228,0
Amazing experience item 8229,1
Excellent service item 8230,1
Avoid this item 8231,0
Terrible product item 8232,0
Best purchase ever item 8233,1
Great product item 8234,1
Amazing experience item 8235,1
Highly recommend item 8236,1
Worst experience item 8237,0
I love this! item 8238,1
Waste of money item 8239,0
I love this! item 8240,1
Poor quality item 8241,0
Complete garbage item 8242,0
Waste of money item 8243,0
I love this! item 8244,1
Do not buy item 8245,0
Fantastic quality item 8246,1
Best purchase ever item 8247,1
Terrible product item 8248,0
Terrible product item 8249,0
Great product item 8250,1
Great product item 8251,1
Excellent service item 8252,1
Waste of money item 8253,0
Highly recommend item 8254,1
Waste of money item 8255,0
Terrible product item 8256,0
Terrible product item 8257,0
Poor quality item 8258,0
I love this! item 8259,1
Best purchase ever item 8260,1
Waste of money item 8261,0
Very happy with this item 8262,1
Poor quality item 8263,0
I love this! item 8264,1
Worst experience item 8265,0
Avoid this item 8266,0
Very happy with this item 8267,1
Waste of money item 8268,0
Very happy with this item 8269,1
Very disappointed item 8270,0
Best purchase ever item 8271,1
Fantastic quality item 8272,1
Very disappointed item 8273,0
Highly recommend item 8274,1
Poor quality item 8275,0
Very disappointed item 8276,0
Waste of money item 8277,0
I love this! item 8278,1
Fantastic quality item 8279,1
Fantastic quality item 8280,1
Excellent service item 8281,1
Very disappointed item 8282,0
Amazing experience item 8283,1
Terrible product item 8284,0
Great product item 8285,1
Excellent service item 8286,1
Avoid this item 8287,0
Amazing experience item 8288,1
Poor quality item 8289,0
Very happy with this item 8290,1
Complete garbage item 8291,0
Worst experience item 8292,0
Poor quality item 8293,0
Very happy with this item 8294,1
Do not buy item 8295,0
Waste of money item 8296,0
Very happy with this item 8297,1
Very happy with this item 8298,1
Poor quality item 8299,0
Very happy with this item 8300,1
Poor quality item 8301,0
Excellent service item 8302,1
Highly recommend item 8303,1
Do not buy item 8304,0
Great product item 8305,1
Do not buy item 8306,0
Best purchase ever item 8307,1
Great product item 8308,1
Very happy with this item 8309,1
Worst experience item 8310,0
Do not buy item 8311,0
Highly recommend item 8312,1
Worst experience item 8313,0
Fantastic quality item 8314,1
I love this! item 8315,1
Highly recommend item 8316,1
Very disappointed item 8317,0
Complete garbage item 8318,0
Do not buy item 8319,0
Great product item 8320,1
Waste of money item 8321,0
Complete garbage item 8322,0
Worst experience item 8323,0
Very disappointed item 8324,0
Fantastic quality item 8325,1
Best purchase ever item 8326,1
Great product item 8327,1
Worst experience item 8328,0
Highly recommend item 8329,1
Highly recommend item 8330,1
Great product item 8331,1
Highly recommend item 8332,1
Great product item 8333,1
Complete garbage item 8334,0
Amazing experience item 8335,1
Do not buy item 8336,0
Very disappointed item 8337,0
Fantastic quality item 8338,1
Waste of money item 8339,0
Worst experience item 8340,0
Very disappointed item 8341,0
Very happy with this item 8342,1
Very happy with this item 8343,1
Waste of money item 8344,0
Very happy with this item 8345,1
Great product item 8346,1
Worst experience item 8347,0
Fantastic quality item 8348,1
Avoid this item 8349,0
Very happy with this item 8350,1
Fantastic quality item 8351,1
Very happy with this item 8352,1
Avoid this item 8353,0
Amazing experience item 8354,1
Great product item 8355,1
Avoid this item 8356,0
Complete garbage item 8357,0
Very happy with this item 8358,1
Avoid this item 8359,0
Avoid this item 8360,0
Highly recommend item 8361,1
Worst experience item 8362,0
Avoid this item 8363,0
I love this! item 8364,1
Do not buy item 8365,0
Excellent service item 8366,1
Avoid this item 8367,0
Avoid this item 8368,0
Amazing experience item 8369,1
Best purchase ever item 8370,1
Fantastic quality item 8371,1
Great product item 8372,1
Great product item 8373,1
Avoid this item 8374,0
Best purchase ever item 8375,1
Poor quality item 8376,0
Great product item 8377,1
Do not buy item 8378,0
Worst experience item 8379,0
I love this! item 8380,1
Complete garbage item 8381,0
Do not buy item 8382,0
Very disappointed item 8383,0
Very disappointed item 8384,0
Amazing experience item 8385,1
Avoid this item 8386,0
Do not buy item 8387,0
Highly recommend item 8388,1
Best purchase ever item 8389,1
Complete garbage item 8390,0
Best purchase ever item 8391,1
Best purchase ever item 8392,1
Very disappointed item 8393,0
Fantastic quality item 8394,1
Waste of money item 8395,0
Terrible product item 8396,0
Worst experience item 8397,0
Do not buy item 8398,0
I love this! item 8399,1
Complete garbage item 8400,0
Highly recommend item 8401,1
Waste of money item 8402,0
Very disappointed item 8403,0
I love this! item 8404,1
Great product item 8405,1
Best purchase ever item 8406,1
Worst experience item 8407,0
Terrible product item 8408,0
I love this! item 8409,1
Great product item 8410,1
Fantastic quality item 8411,1
Terrible product item 8412,0
Great product item 8413,1
Highly recommend item 8414,1
Highly recommend item 8415,1
Worst experience item 8416,0
Worst experience item 8417,0
I love this! item 8418,1
Very disappointed item 8419,0
Very disappointed item 8420,0
Highly recommend item 8421,1
Highly recommend item 8422,1
Waste of money item 8423,0
Fantastic quality item 8424,1
Avoid this item 8425,0
Amazing experience item 8426,1
Highly recommend item 8427,1
Fantastic quality item 8428,1
Avoid this item 8429,0
Complete garbage item 8430,0
Avoid this item 8431,0
Excellent service item 8432,1
Highly recommend item 8433,1
Complete garbage item 8434,0
Poor quality item 8435,0
Very disappointed item 8436,0
I love this! item 8437,1
Waste of money item 8438,0
Waste of money item 8439,0
Worst experience item 8440,0
Fantastic quality item 8441,1
Fantastic quality item 8442,1
Great product item 8443,1
I love this! item 8444,1
Complete garbage item 8445,0
Avoid this item 8446,0
Very happy with this item 8447,1
Fantastic quality item 8448,1
Amazing experience item 8449,1
Great product item 8450,1
Complete garbage item 8451,0
Amazing experience item 8452,1
Very disappointed item 8453,0
Very happy with this item 8454,1
Great product item 8455,1
Highly recommend item 8456,1
Best purchase ever item 8457,1
Worst experience item 8458,0
Poor quality item 8459,0
Highly recommend item 8460,1
Highly recommend item 8461,1
Amazing experience item 8462,1
Do not buy item 8463,0
Poor quality item 8464,0
Poor quality item 8465,0
Terrible product item 8466,0
Waste of money item 8467,0
Amazing experience item 8468,1
Very disappointed item 8469,0
Amazing experience item 8470,1
Very disappointed item 8471,0
Worst experience item 8472,0
Do not buy item 8473,0
Waste of money item 8474,0
Avoid this item 8475,0
Terrible product item 8476,0
Fantastic quality item 8477,1
Very happy with this item 8478,1
Poor quality item 8479,0
I love this! item 8480,1
Poor quality item 8481,0
I love this! item 8482,1
Fantastic quality item 8483,1
Amazing experience item 8484,1
Waste of money item 8485,0
Very disappointed item 8486,0
Do not buy item 8487,0
Amazing experience item 8488,1
Amazing experience item 8489,1
Waste of money item 8490,0
Fantastic quality item 8491,1
Best purchase ever item 8492,1
Do not buy item 8493,0
Fantastic quality item 8494,1
I love this! item 8495,1
Amazing experience item 8496,1
Excellent service item 8497,1
Great product item 8498,1
Do not buy item 8499,0
Do not buy item 8500,0
Best purchase ever item 8501,1
Avoid this item 8502,0
Fantastic quality item 8503,1
Waste of money item 8504,0
Amazing experience item 8505,1
Avoid this item 8506,0
Fantastic quality item 8507,1
Avoid this item 8508,0
Poor quality item 8509,0
Highly recommend item 8510,1
Do not buy item 8511,0
Waste of money item 8512,0
I love this! item 8513,1
Fantastic quality item 8514,1
Great product item 8515,1
Waste of money item 8516,0
Waste of money item 8517,0
Very happy with this item 8518,1
Complete garbage item 8519,0
Very happy with this item 8520,1
Very happy with this item 8521,1
Avoid this item 8522,0
Terrible product item 8523,0
Worst experience item 8524,0
Waste of money item 8525,0
Worst experience item 8526,0
Great product item 8527,1
Fantastic quality item 8528,1
Avoid this item 8529,0
I love this! item 8530,1
Very disappointed item 8531,0
Best purchase ever item 8532,1
Terrible product item 8533,0
Avoid this item 8534,0
Amazing experience item 8535,1
Very happy with this item 8536,1
Fantastic quality item 8537,1
Worst experience item 8538,0
Avoid this item 8539,0
Waste of money item 8540,0
Poor quality item 8541,0
Avoid this item 8542,0
Very happy with this item 8543,1
Very happy with this item 8544,1
Worst experience item 8545,0
Great product item 8546,1
Excellent service item 8547,1
Poor quality item 8548,0
Very happy with this item 8549,1
Waste of money item 8550,0
Poor quality item 8551,0
Do not buy item 8552,0
Poor quality item 8553,0
Worst experience item 8554,0
Excellent service item 8555,1
Very disappointed item 8556,0
Worst experience item 8557,0
Very disappointed item 8558,0
Worst experience item 8559,0
Very happy with this item 8560,1
Highly recommend item 8561,1
Complete garbage item 8562,0
Fantastic quality item 8563,1
Fantastic quality item 8564,1
Poor quality item 8565,0
I love this! item 8566,1
Very happy with this item 8567,1
Best purchase ever item 8568,1
Worst experience item 8569,0
Do not buy item 8570,0
Worst experience item 8571,0
Do not buy item 8572,0
Fantastic quality item 8573,1
Fantastic quality item 8574,1
Best purchase ever item 8575,1
Highly recommend item 8576,1
Avoid this item 8577,0
Very disappointed item 8578,0
Best purchase ever item 8579,1
I love this! item 8580,1
I love this! item 8581,1
Poor quality item 8582,0
Fantastic quality item 8583,1
Highly recommend item 8584,1
Amazing experience item 8585,1
Poor quality item 8586,0
Great product item 8587,1
Highly recommend item 8588,1
I love this! item 8589,1
Waste of money item 8590,0
Waste of money item 8591,0
Best purchase ever item 8592,1
Terrible product item 8593,0
Very happy with this item 8594,1
Excellent service item 8595,1
Waste of money item 8596,0
Terrible product item 8597,0
Very happy with this item 8598,1
Avoid this item 8599,0
Very happy with this item 8600,1
Amazing experience item 8601,1
Highly recommend item 8602,1
Terrible product item 8603,0
I love this! item 8604,1
Excellent service item 8605,1
I love this! item 8606,1
I love this! item 8607,1
Amazing experience item 8608,1
Amazing experience item 8609,1
Poor quality item 8610,0
Very disappointed item 8611,0
Do not buy item 8612,0
Fantastic quality item 8613,1
Worst experience item 8614,0
Great product item 8615,1
Poor quality item 8616,0
Complete garbage item 8617,0
Best purchase ever item 8618,1
Terrible product item 8619,0
Complete garbage item 8620,0
Highly recommend item 8621,1
Complete garbage item 8622,0
Complete garbage item 8623,0
Great product item 8624,1
Complete garbage item 8625,0
Poor quality item 8626,0
Highly recommend item 8627,1
Worst experience item 8628,0
Poor quality item 8629,0
Avoid this item 8630,0
Fantastic quality item 8631,1
Best purchase ever item 8632,1
Great product item 8633,1
Fantastic quality item 8634,1
Terrible product item 8635,0
Waste of money item 8636,0
Terrible product item 8637,0
Highly recommend item 8638,1
Very happy with this item 8639,1
Complete garbage item 8640,0
Avoid this item 8641,0
Worst experience item 8642,0
Do not buy item 8643,0
Very disappointed item 8644,0
Very happy with this item 8645,1
Terrible product item 8646,0
Avoid this item 8647,0
Highly recommend item 8648,1
Excellent service item 8649,1
I love this! item 8650,1
Highly recommend item 8651,1
Worst experience item 8652,0
Best purchase ever item 8653,1
Great product item 8654,1
Worst experience item 8655,0
Worst experience item 8656,0
Waste of money item 8657,0
Do not buy item 8658,0
Very disappointed item 8659,0
Best purchase ever item 8660,1
Great product item 8661,1
Poor quality item 8662,0
Best purchase ever item 8663,1
Highly recommend item 8664,1
Amazing experience item 8665,1
Do not buy item 8666,0
Best purchase ever item 8667,1
Amazing experience item 8668,1
Worst experience item 8669,0
Excellent service item 8670,1
I love this! item 8671,1
Complete garbage item 8672,0
Excellent service item 8673,1
Highly recommend item 8674,1
Poor quality item 8675,0
I love this! item 8676,1
Very happy with this item 8677,1
Very happy with this item 8678,1
Avoid this item 8679,0
Amazing experience item 8680,1
Very happy with this item 8681,1
Amazing experience item 8682,1
Very disappointed item 8683,0
Complete garbage item 8684,0
Very happy with this item 8685,1
Waste of money item 8686,0
Complete garbage item 8687,0
Terrible product item 8688,0
Do not buy item 8689,0
Excellent service item 8690,1
Waste of money item 8691,0
I love this! item 8692,1
Best purchase ever item 8693,1
Excellent service item 8694,1
Complete garbage item 8695,0
Do not buy item 8696,0
Terrible product item 8697,0
Amazing experience item 8698,1
Fantastic quality item 8699,1
Very happy with this item 8700,1
Best purchase ever item 8701,1
Amazing experience item 8702,1
Poor quality item 8703,0
Do not buy item 8704,0
Avoid this item 8705,0
Complete garbage item 8706,0
Avoid this item 8707,0
Complete garbage item 8708,0
Fantastic quality item 8709,1
Very happy with this item 8710,1
Do not buy item 8711,0
Fantastic quality item 8712,1
Complete garbage item 8713,0
Excellent service item 8714,1
Amazing experience item 8715,1
Very happy with this item 8716,1
Amazing experience item 8717,1
Great product item 8718,1
Do not buy item 8719,0
Very disappointed item 8720,0
Great product item 8721,1
Excellent service item 8722,1
Great product item 8723,1
Avoid this item 8724,0
Great product item 8725,1
Poor quality item 8726,0
Poor quality item 8727,0
Poor quality item 8728,0
Fantastic quality item 8729,1
I love this! item 8730,1
Complete garbage item 8731,0
Very disappointed item 8732,0
Waste of money item 8733,0
Worst experience item 8734,0
I love this! item 8735,1
Amazing experience item 8736,1
Great product item 8737,1
Very happy with this item 8738,1
I love this! item 8739,1
Avoid this item 8740,0
Worst experience item 8741,0
Complete garbage item 8742,0
Highly recommend item 8743,1
Poor quality item 8744,0
Very happy with this item 8745,1
Do not buy item 8746,0
Very disappointed item 8747,0
Terrible product item 8748,0
Great product item 8749,1
Waste of money item 8750,0
Excellent service item 8751,1
Very happy with this item 8752,1
Excellent service item 8753,1
Worst experience item 8754,0
Avoid this item 8755,0
Great product item 8756,1
Very happy with this item 8757,1
Complete garbage item 8758,0
Complete garbage item 8759,0
I love this! item 8760,1
Complete garbage item 8761,0
Do not buy item 8762,0
Amazing experience item 8763,1
I love this! item 8764,1
Complete garbage item 8765,0
Very happy with this item 8766,1
Highly recommend item 8767,1
Do not buy item 8768,0
Worst experience item 8769,0
Waste of money item 8770,0
Great product item 8771,1
Highly recommend item 8772,1
Great product item 8773,1
Very happy with this item 8774,1
Terrible product item 8775,0
Avoid this item 8776,0
Amazing experience item 8777,1
Poor quality item 8778,0
Amazing experience item 8779,1
Best purchase ever item 8780,1
Fantastic quality item 8781,1
Great product item 8782,1
Worst experience item 8783,0
Best purchase ever item 8784,1
Fantastic quality item 8785,1
Worst experience item 8786,0
Terrible product item 8787,0
Waste of money item 8788,0
Fantastic quality item 8789,1
Great product item 8790,1
Poor quality item 8791,0
Very happy with this item 8792,1
Very disappointed item 8793,0
Complete garbage item 8794,0
Avoid this item 8795,0
I love this! item 8796,1
Do not buy item 8797,0
Best purchase ever item 8798,1
I love this! item 8799,1
Terrible product item 8800,0
Do not buy item 8801,0
Amazing experience item 8802,1
Very disappointed item 8803,0
Great product item 8804,1
Great product item 8805,1
Amazing experience item 8806,1
Terrible product item 8807,0
Poor quality item 8808,0
Waste of money item 8809,0
Poor quality item 8810,0
Worst experience item 8811,0
I love this! item 8812,1
Fantastic quality item 8813,1
Amazing experience item 8814,1
I love this! item 8815,1
Very disappointed item 8816,0
Complete garbage item 8817,0
Highly recommend item 8818,1
Poor quality item 8819,0
Waste of money item 8820,0
Worst experience item 8821,0
Waste of money item 8822,0
Complete garbage item 8823,0
Avoid this item 8824,0
Poor quality item 8825,0
I love this! item 8826,1
Great product item 8827,1
Terrible product item 8828,0
Avoid this item 8829,0
Great product item 8830,1
Excellent service item 8831,1
Best purchase ever item 8832,1
Excellent service item 8833,1
Complete garbage item 8834,0
Waste of money item 8835,0
Poor quality item 8836,0
Very happy with this item 8837,1
Complete garbage item 8838,0
Terrible product item 8839,0
Best purchase ever item 8840,1
Waste of money item 8841,0
Very happy with this item 8842,1
Very disappointed item 8843,0
Avoid this item 8844,0
Great product item 8845,1
Highly recommend item 8846,1
Excellent service item 8847,1
Complete garbage item 8848,0
Very disappointed item 8849,0
Waste of money item 8850,0
Highly recommend item 8851,1
Avoid this item 8852,0
Avoid this item 8853,0
Waste of money item 8854,0
Poor quality item 8855,0
Great product item 8856,1
Fantastic quality item 8857,1
Very disappointed item 8858,0
Amazing experience item 8859,1
Excellent service item 8860,1
Very happy with this item 8861,1
Waste of money item 8862,0
Excellent service item 8863,1
Very happy with this item 8864,1
Amazing experience item 8865,1
Terrible product item 8866,0
Great product item 8867,1
Fantastic quality item 8868,1
Worst experience item 8869,0
Highly recommend item 8870,1
Avoid this item 8871,0
Highly recommend item 8872,1
Poor quality item 8873,0
Complete garbage item 8874,0
Terrible product item 8875,0
Excellent service item 8876,1
Terrible product item 8877,0
Avoid this item 8878,0
Excellent service item 8879,1
I love this! item 8880,1
Amazing experience item 8881,1
Poor quality item 8882,0
Worst experience item 8883,0
Terrible product item 8884,0
Excellent service item 8885,1
Very happy with this item 8886,1
Best purchase ever item 8887,1
I love this! item 8888,1
Avoid this item 8889,0
Excellent service item 8890,1
I love this! item 8891,1
Avoid this item 8892,0
Terrible product item 8893,0
Terrible product item 8894,0
Highly recommend item 8895,1
Best purchase ever item 8896,1
Amazing experience item 8897,1
Complete garbage item 8898,0
Worst experience item 8899,0
Fantastic quality item 8900,1
Fantastic quality item 8901,1
Very happy with this item 8902,1
Worst experience item 8903,0
Do not buy item 8904,0
Best purchase ever item 8905,1
Very disappointed item 8906,0
Avoid this item 8907,0
Waste of money item 8908,0
Complete garbage item 8909,0
Fantastic quality item 8910,1
Amazing experience item 8911,1
Fantastic quality item 8912,1
Amazing experience item 8913,1
Do not buy item 8914,0
I love this! item 8915,1
Do not buy item 8916,0
Very happy with this item 8917,1
Fantastic quality item 8918,1
I love this! item 8919,1
Waste of money item 8920,0
Amazing experience item 8921,1
Poor quality item 8922,0
Avoid this item 8923,0
Excellent service item 8924,1
Excellent service item 8925,1
Waste of money item 8926,0
Do not buy item 8927,0
Terrible product item 8928,0
Highly recommend item 8929,1
Waste of money item 8930,0
Excellent service item 8931,1
Waste of money item 8932,0
Do not buy item 8933,0
Highly recommend item 8934,1
I love this! item 8935,1
Terrible product item 8936,0
I love this! item 8937,1
Highly recommend item 8938,1
Poor quality item 8939,0
Worst experience item 8940,0
I love this! item 8941,1
Worst experience item 8942,0
Terrible product item 8943,0
Very disappointed item 8944,0
I love this! item 8945,1
Very happy with this item 8946,1
Avoid this item 8947,0
Highly recommend item 8948,1
Amazing experience item 8949,1
Fantastic quality item 8950,1
Waste of money item 8951,0
Terrible product item 8952,0
Excellent service item 8953,1
Fantastic quality item 8954,1
Avoid this item 8955,0
Terrible product item 8956,0
Complete garbage item 8957,0
Great product item 8958,1
Fantastic quality item 8959,1
Waste of money item 8960,0
Terrible product item 8961,0
Excellent service item 8962,1
Very happy with this item 8963,1
Worst experience item 8964,0
Waste of money item 8965,0
Complete garbage item 8966,0
Poor quality item 8967,0
Excellent service item 8968,1
Amazing experience item 8969,1
Very happy with this item 8970,1
Excellent service item 8971,1
Excellent service item 8972,1
Best purchase ever item 8973,1
Very disappointed item 8974,0
Fantastic quality item 8975,1
I love this! item 8976,1
Poor quality item 8977,0
I love this! item 8978,1
Complete garbage item 8979,0
Avoid this item 8980,0
I love this! item 8981,1
Complete garbage item 8982,0
Fantastic quality item 8983,1
Poor quality item 8984,0
Amazing experience item 8985,1
Excellent service item 8986,1
Very disappointed item 8987,0
Great product item 8988,1
I love this! item 8989,1
Very happy with this item 8990,1
Very disappointed item 8991,0
Very disappointed item 8992,0
Great product item 8993,1
Do not buy item 8994,0
Very happy with this item 8995,1
I love this! item 8996,1
Worst experience item 8997,0
Avoid this item 8998,0
Best purchase ever item 8999,1
Do not buy item 9000,0
Best purchase ever item 9001,1
Waste of money item 9002,0
Amazing experience item 9003,1
Best purchase ever item 9004,1
Very happy with this item 9005,1
Amazing experience item 9006,1
Best purchase ever item 9007,1
Fantastic quality item 9008,1
Terrible product item 9009,0
Amazing experience item 9010,1
I love this! item 9011,1
Complete garbage item 9012,0
Complete garbage item 9013,0
Worst experience item 9014,0
Fantastic quality item 9015,1
Highly recommend item 9016,1
Poor quality item 9017,0
Poor quality item 9018,0
Worst experience item 9019,0
Highly recommend item 9020,1
Do not buy item 9021,0
Do not buy item 9022,0
Terrible product item 9023,0
Do not buy item 9024,0
Do not buy item 9025,0
Terrible product item 9026,0
Complete garbage item 9027,0
Terrible product item 9028,0
Amazing experience item 9029,1
Fantastic quality item 9030,1
Terrible product item 9031,0
Best purchase ever item 9032,1
Avoid this item 9033,0
Amazing experience item 9034,1
Great product item 9035,1
Very happy with this item 9036,1
Poor quality item 9037,0
Highly recommend item 9038,1
Waste of money item 9039,0
Avoid this item 9040,0
Fantastic quality item 9041,1
Best purchase ever item 9042,1
I love this! item 9043,1
Complete garbage item 9044,0
Worst experience item 9045,0
Amazing experience item 9046,1
Very happy with this item 9047,1
Best purchase ever item 9048,1
Highly recommend item 9049,1
Best purchase ever item 9050,1
Waste of money item 9051,0
Excellent service item 9052,1
Fantastic quality item 9053,1
Waste of money item 9054,0
Great product item 9055,1
Terrible product item 9056,0
Terrible product item 9057,0
Very disappointed item 9058,0
Worst experience item 9059,0
Worst experience item 9060,0
Very happy with this item 9061,1
I love this! item 9062,1
Worst experience item 9063,0
Highly recommend item 9064,1
Waste of money item 9065,0
Great product item 9066,1
Excellent service item 9067,1
Terrible product item 9068,0
Terrible product item 9069,0
Do not buy item 9070,0
Great product item 9071,1
Terrible product item 9072,0
Excellent service item 9073,1
Best purchase ever item 9074,1
Highly recommend item 9075,1
Poor quality item 9076,0
Excellent service item 9077,1
Poor quality item 9078,0
Do not buy item 9079,0
Very disappointed item 9080,0
Highly recommend item 9081,1
Very happy with this item 9082,1
Great product item 9083,1
Complete garbage item 9084,0
Poor quality item 9085,0
Great product item 9086,1
Great product item 9087,1
Complete garbage item 9088,0
Highly recommend item 9089,1
Very happy with this item 9090,1
Best purchase ever item 9091,1
Fantastic quality item 9092,1
Fantastic quality item 9093,1
Complete garbage item 9094,0
Poor quality item 9095,0
Highly recommend item 9096,1
Poor quality item 9097,0
Amazing experience item 9098,1
Excellent service item 9099,1
Complete garbage item 9100,0
I love this! item 9101,1
I love this! item 9102,1
Excellent service item 9103,1
Avoid this item 9104,0
Do not buy item 9105,0
Very disappointed item 9106,0
Worst experience item 9107,0
Great product item 9108,1
Waste of money item 9109,0
Amazing experience item 9110,1
Terrible product item 9111,0
Excellent service item 9112,1
Very happy with this item 9113,1
Very disappointed item 9114,0
Amazing experience item 9115,1
Great product item 9116,1
Poor quality item 9117,0
I love this! item 9118,1
Amazing experience item 9119,1
Excellent service item 9120,1
Do not buy item 9121,0
Fantastic quality item 9122,1
Waste of money item 9123,0
Fantastic quality item 9124,1
Complete garbage item 9125,0
I love this! item 9126,1
Terrible product item 9127,0
Great product item 9128,1
Amazing experience item 9129,1
Worst experience item 9130,0
Fantastic quality item 9131,1
Do not buy item 9132,0
Best purchase ever item 9133,1
I love this! item 9134,1
Worst experience item 9135,0
Do not buy item 9136,0
Do not buy item 9137,0
Terrible product item 9138,0
Worst experience item 9139,0
Worst experience item 9140,0
Great product item 9141,1
Terrible product item 9142,0
Complete garbage item 9143,0
Best purchase ever item 9144,1
Best purchase ever item 9145,1
Waste of money item 9146,0
Avoid this item 9147,0
Worst experience item 9148,0
Avoid this item 9149,0
Very happy with this item 9150,1
Worst experience item 9151,0
Worst experience item 9152,0
Terrible product item 9153,0
Very disappointed item 9154,0
Terrible product item 9155,0
Fantastic quality item 9156,1
Very disappointed item 9157,0
Great product item 9158,1
Very disappointed item 9159,0
Avoid this item 9160,0
Fantastic quality item 9161,1
Excellent service item 9162,1
Great product item 9163,1
Excellent service item 9164,1
Highly recommend item 9165,1
Waste of money item 9166,0
Amazing experience item 9167,1
Terrible product item 9168,0
Waste of money item 9169,0
Great product item 9170,1
Very disappointed item 9171,0
Do not buy item 9172,0
I love this! item 9173,1
Terrible product item 9174,0
Terrible product item 9175,0
Great product item 9176,1
Excellent service item 9177,1
Fantastic quality item 9178,1
Fantastic quality item 9179,1
Highly recommend item 9180,1
Best purchase ever item 9181,1
Best purchase ever item 9182,1
Avoid this item 9183,0
Complete garbage item 9184,0
I love this! item 9185,1
Best purchase ever item 9186,1
Complete garbage item 9187,0
Waste of money item 9188,0
Very happy with this item 9189,1
Do not buy item 9190,0
Best purchase ever item 9191,1
Best purchase ever item 9192,1
Do not buy item 9193,0
Poor quality item 9194,0
Very happy with this item 9195,1
Highly recommend item 9196,1
Poor quality item 9197,0
Great product item 9198,1
Amazing experience item 9199,1
I love this! item 9200,1
Do not buy item 9201,0
Worst experience item 9202,0
Do not buy item 9203,0
Avoid this item 9204,0
Worst experience item 9205,0
Complete garbage item 9206,0
Amazing experience item 9207,1
Worst experience item 9208,0
Very happy with this item 9209,1
Poor quality item 9210,0
Very disappointed item 9211,0
Very happy with this item 9212,1
Highly recommend item 9213,1
Avoid this item 9214,0
Fantastic quality item 9215,1
Excellent service item 9216,1
Best purchase ever item 9217,1
Worst experience item 9218,0
Highly recommend item 9219,1
Terrible product item 9220,0
I love this! item 9221,1
I love this! item 9222,1
Do not buy item 9223,0
I love this! item 9224,1
Excellent service item 9225,1
Highly recommend item 9226,1
Very happy with this item 9227,1
Complete garbage item 9228,0
Do not buy item 9229,0
Waste of money item 9230,0
Complete garbage item 9231,0
I love this! item 9232,1
Fantastic quality item 9233,1
Amazing experience item 9234,1
Do not buy item 9235,0
Terrible product item 9236,0
Complete garbage item 9237,0
Great product item 9238,1
Best purchase ever item 9239,1
Do not buy item 9240,0
Amazing experience item 9241,1
Very happy with this item 9242,1
Avoid this item 9243,0
Amazing experience item 9244,1
Excellent service item 9245,1
Worst experience item 9246,0
Fantastic quality item 9247,1
Great product item 9248,1
Fantastic quality item 9249,1
Terrible product item 9250,0
Best purchase ever item 9251,1
Great product item 9252,1
Very disappointed item 9253,0
Poor quality item 9254,0
Excellent service item 9255,1
Worst experience item 9256,0
Terrible product item 9257,0
Waste of money item 9258,0
Worst experience item 9259,0
I love this! item 9260,1
I love this! item 9261,1
Amazing experience item 9262,1
Best purchase ever item 9263,1
Excellent service item 9264,1
Waste of money item 9265,0
Poor quality item 9266,0
Waste of money item 9267,0
Fantastic quality item 9268,1
Amazing experience item 9269,1
Waste of money item 9270,0
Best purchase ever item 9271,1
Best purchase ever item 9272,1
Best purchase ever item 9273,1
Do not buy item 9274,0
Terrible product item 9275,0
Avoid this item 9276,0
I love this! item 9277,1
Fantastic quality item 9278,1
Very happy with this item 9279,1
Very disappointed item 9280,0
Do not buy item 9281,0
Waste of money item 9282,0
Avoid this item 9283,0
Avoid this item 9284,0
Do not buy item 9285,0
Amazing experience item 9286,1
I love this! item 9287,1
Worst experience item 9288,0
Waste of money item 9289,0
Very disappointed item 9290,0
Highly recommend item 9291,1
Waste of money item 9292,0
Fantastic quality item 9293,1
Very disappointed item 9294,0
Worst experience item 9295,0
Worst experience item 9296,0
Do not buy item 9297,0
Do not buy item 9298,0
Complete garbage item 9299,0
Best purchase ever item 9300,1
Terrible product item 9301,0
Fantastic quality item 9302,1
Worst experience item 9303,0
Avoid this item 9304,0
Terrible product item 9305,0
Do not buy item 9306,0
Poor quality item 9307,0
Excellent service item 9308,1
Excellent service item 9309,1
Highly recommend item 9310,1
Great product item 9311,1
Fantastic quality item 9312,1
Very disappointed item 9313,0
Amazing experience item 9314,1
Amazing experience item 9315,1
Amazing experience item 9316,1
Do not buy item 9317,0
Very disappointed item 9318,0
Very happy with this item 9319,1
Complete garbage item 9320,0
Complete garbage item 9321,0
Waste of money item 9322,0
Very happy with this item 9323,1
Do not buy item 9324,0
Terrible product item 9325,0
Very disappointed item 9326,0
Worst experience item 9327,0
Poor quality item 9328,0
Very disappointed item 9329,0
Avoid this item 9330,0
I love this! item 9331,1
Poor quality item 9332,0
Amazing experience item 9333,1
Very disappointed item 9334,0
Excellent service item 9335,1
Great product item 9336,1
Do not buy item 9337,0
I love this! item 9338,1
Amazing experience item 9339,1
Very happy with this item 9340,1
Fantastic quality item 9341,1
Amazing experience item 9342,1
Do not buy item 9343,0
Very happy with this item 9344,1
Amazing experience item 9345,1
Worst experience item 9346,0
Fantastic quality item 9347,1
Very disappointed item 9348,0
Amazing experience item 9349,1
Do not buy item 9350,0
Worst experience item 9351,0
Terrible product item 9352,0
Avoid this item 9353,0
Amazing experience item 9354,1
Terrible product item 9355,0
Great product item 9356,1
Fantastic quality item 9357,1
Waste of money item 9358,0
Terrible product item 9359,0
Avoid this item 9360,0
Great product item 9361,1
Worst experience item 9362,0
Poor quality item 9363,0
Poor quality item 9364,0
Fantastic quality item 9365,1
Complete garbage item 9366,0
Complete garbage item 9367,0
I love this! item 9368,1
Worst experience item 9369,0
Very happy with this item 9370,1
Terrible product item 9371,0
Waste of money item 9372,0
Amazing experience item 9373,1
Fantastic quality item 9374,1
Do not buy item 9375,0
Best purchase ever item 9376,1
Very disappointed item 9377,0
Complete garbage item 9378,0
Complete garbage item 9379,0
Highly recommend item 9380,1
Very happy with this item 9381,1
Amazing experience item 9382,1
Highly recommend item 9383,1
Best purchase ever item 9384,1
Waste of money item 9385,0
Excellent service item 9386,1
Excellent service item 9387,1
Great product item 9388,1
Highly recommend item 9389,1
Avoid this item 9390,0
Fantastic quality item 9391,1
Terrible product item 9392,0
Complete garbage item 9393,0
Waste of money item 9394,0
Complete garbage item 9395,0
Best purchase ever item 9396,1
Fantastic quality item 9397,1
I love this! item 9398,1
Waste of money item 9399,0
Excellent service item 9400,1
Highly recommend item 9401,1
Very disappointed item 9402,0
Very happy with this item 9403,1
Best purchase ever item 9404,1
Best purchase ever item 9405,1
Poor quality item 9406,0
Avoid this item 9407,0
Worst experience item 9408,0
Great product item 9409,1
Worst experience item 9410,0
Very disappointed item 9411,0
Amazing experience item 9412,1
Do not buy item 9413,0
Avoid this item 9414,0
Highly recommend item 9415,1
Excellent service item 9416,1
Terrible product item 9417,0
Avoid this item 9418,0
Worst experience item 9419,0
Terrible product item 9420,0
Terrible product item 9421,0
Waste of money item 9422,0
Worst experience item 9423,0
Complete garbage item 9424,0
Complete garbage item 9425,0
Great product item 9426,1
Great product item 9427,1
Best purchase ever item 9428,1
Great product item 9429,1
Best purchase ever item 9430,1
Do not buy item 9431,0
Terrible product item 9432,0
Best purchase ever item 9433,1
Excellent service item 9434,1
Do not buy item 9435,0
Very happy with this item 9436,1
Very happy with this item 9437,1
Amazing experience item 9438,1
I love this! item 9439,1
Complete garbage item 9440,0
Very disappointed item 9441,0
Terrible product item 9442,0
Terrible product item 9443,0
Waste of money item 9444,0
Complete garbage item 9445,0
Do not buy item 9446,0
Very happy with this item 9447,1
Best purchase ever item 9448,1
Amazing experience item 9449,1
Fantastic quality item 9450,1
Fantastic quality item 9451,1
Terrible product item 9452,0
Highly recommend item 9453,1
Worst experience item 9454,0
Waste of money item 9455,0
Very happy with this item 9456,1
Excellent service item 9457,1
Fantastic quality item 9458,1
Excellent service item 9459,1
Terrible product item 9460,0
Poor quality item 9461,0
Best purchase ever item 9462,1
Poor quality item 9463,0
Worst experience item 9464,0
Avoid this item 9465,0
Very happy with this item 9466,1
Poor quality item 9467,0
Very happy with this item 9468,1
Worst experience item 9469,0
Highly recommend item 9470,1
Very disappointed item 9471,0
I love this! item 9472,1
Waste of money item 9473,0
Great product item 9474,1
Best purchase ever item 9475,1
Very disappointed item 9476,0
Very disappointed item 9477,0
Terrible product item 9478,0
Excellent service item 9479,1
Highly recommend item 9480,1
Very happy with this item 9481,1
Best purchase ever item 9482,1
Best purchase ever item 9483,1
Amazing experience item 9484,1
Great product item 9485,1
Very disappointed item 9486,0
Very happy with this item 9487,1
Waste of money item 9488,0
Terrible product item 9489,0
Excellent service item 9490,1
Very disappointed item 9491,0
Fantastic quality item 9492,1
Poor quality item 9493,0
Excellent service item 9494,1
I love this! item 9495,1
Very happy with this item 9496,1
Avoid this item 9497,0
Very happy with this item 9498,1
Highly recommend item 9499,1
Do not buy item 9500,0
Avoid this item 9501,0
Best purchase ever item 9502,1
Poor quality item 9503,0
Poor quality item 9504,0
Complete garbage item 9505,0
Do not buy item 9506,0
Complete garbage item 9507,0
Poor quality item 9508,0
Best purchase ever item 9509,1
Very disappointed item 9510,0
Fantastic quality item 9511,1
Excellent service item 9512,1
Poor quality item 9513,0
Avoid this item 9514,0
I love this! item 9515,1
Do not buy item 9516,0
Very happy with this item 9517,1
Complete garbage item 9518,0
Terrible product item 9519,0
Best purchase ever item 9520,1
Terrible product item 9521,0
Amazing experience item 9522,1
Best purchase ever item 9523,1
Terrible product item 9524,0
I love this! item 9525,1
Very disappointed item 9526,0
Do not buy item 9527,0
Waste of money item 9528,0
Complete garbage item 9529,0
Amazing experience item 9530,1
Best purchase ever item 9531,1
Amazing experience item 9532,1
Very disappointed item 9533,0
Great product item 9534,1
Waste of money item 9535,0
Avoid this item 9536,0
Best purchase ever item 9537,1
Waste of money item 9538,0
Very happy with this item 9539,1
Avoid this item 9540,0
Amazing experience item 9541,1
Complete garbage item 9542,0
Worst experience item 9543,0
Poor quality item 9544,0
Amazing experience item 9545,1
Avoid this item 9546,0
Fantastic quality item 9547,1
Highly recommend item 9548,1
Great product item 9549,1
Excellent service item 9550,1
Excellent service item 9551,1
Do not buy item 9552,0
Amazing experience item 9553,1
Do not buy item 9554,0
Terrible product item 9555,0
Worst experience item 9556,0
Great product item 9557,1
Great product item 9558,1
Do not buy item 9559,0
Poor quality item 9560,0
Best purchase ever item 9561,1
I love this! item 9562,1
Amazing experience item 9563,1
Waste of money item 9564,0
Avoid this item 9565,0
Do not buy item 9566,0
Very happy with this item 9567,1
Very disappointed item 9568,0
Complete garbage item 9569,0
Avoid this item 9570,0
Highly recommend item 9571,1
Amazing experience item 9572,1
Terrible product item 9573,0
Excellent service item 9574,1
Amazing experience item 9575,1
Terrible product item 9576,0
Do not buy item 9577,0
Highly recommend item 9578,1
Complete garbage item 9579,0
Excellent service item 9580,1
Avoid this item 9581,0
Great product item 9582,1
Avoid this item 9583,0
Best purchase ever item 9584,1
Avoid this item 9585,0
Terrible product item 9586,0
Excellent service item 9587,1
Do not buy item 9588,0
Complete garbage item 9589,0
Best purchase ever item 9590,1
Great product item 9591,1
Worst experience item 9592,0
Highly recommend item 9593,1
Very happy with this item 9594,1
Poor quality item 9595,0
Best purchase ever item 9596,1
Complete garbage item 9597,0
Complete garbage item 9598,0
Avoid this item 9599,0
Terrible product item 9600,0
Amazing experience item 9601,1
Amazing experience item 9602,1
Very disappointed item 9603,0
Terrible product item 9604,0
Worst experience item 9605,0
Complete garbage item 9606,0
I love this! item 9607,1
Very happy with this item 9608,1
Avoid this item 9609,0
I love this! item 9610,1
Avoid this item 9611,0
Amazing experience item 9612,1
I love this! item 9613,1
Fantastic quality item 9614,1
Waste of money item 9615,0
Avoid this item 9616,0
Avoid this item 9617,0
Poor quality item 9618,0
Complete garbage item 9619,0
Great product item 9620,1
Do not buy item 9621,0
Great product item 9622,1
Very disappointed item 9623,0
Very happy with this item 9624,1
Very disappointed item 9625,0
Waste of money item 9626,0
Highly recommend item 9627,1
Worst experience item 9628,0
Worst experience item 9629,0
Complete garbage item 9630,0
Excellent service item 9631,1
Great product item 9632,1
Terrible product item 9633,0
Worst experience item 9634,0
Do not buy item 9635,0
Avoid this item 9636,0
Avoid this item 9637,0
Worst experience item 9638,0
Do not buy item 9639,0
Amazing experience item 9640,1
Worst experience item 9641,0
Very disappointed item 9642,0
Fantastic quality item 9643,1
Do not buy item 9644,0
Great product item 9645,1
Terrible product item 9646,0
Excellent service item 9647,1
Worst experience item 9648,0
Best purchase ever item 9649,1
Amazing experience item 9650,1
Fantastic quality item 9651,1
Complete garbage item 9652,0
I love this! item 9653,1
Amazing experience item 9654,1
Do not buy item 9655,0
Very disappointed item 9656,0
I love this! item 9657,1
Great product item 9658,1
Avoid this item 9659,0
Excellent service item 9660,1
Waste of money item 9661,0
Terrible product item 9662,0
Terrible product item 9663,0
Great product item 9664,1
Excellent service item 9665,1
Do not buy item 9666,0
Avoid this item 9667,0
Very disappointed item 9668,0
Avoid this item 9669,0
Worst experience item 9670,0
Excellent service item 9671,1
Best purchase ever item 9672,1
Terrible product item 9673,0
I love this! item 9674,1
Poor quality item 9675,0
Waste of money item 9676,0
Very disappointed item 9677,0
Avoid this item 9678,0
Fantastic quality item 9679,1
Fantastic quality item 9680,1
Poor quality item 9681,0
Avoid this item 9682,0
Poor quality item 9683,0
Avoid this item 9684,0
Very disappointed item 9685,0
Poor quality item 9686,0
Terrible product item 9687,0
Do not buy item 9688,0
Best purchase ever item 9689,1
Waste of money item 9690,0
Complete garbage item 9691,0
I love this! item 9692,1
Very happy with this item 9693,1
Great product item 9694,1
Do not buy item 9695,0
Complete garbage item 9696,0
Highly recommend item 9697,1
Great product item 9698,1
Very disappointed item 9699,0
Terrible product item 9700,0
I love this! item 9701,1
Amazing experience item 9702,1
Highly recommend item 9703,1
Complete garbage item 9704,0
Complete garbage item 9705,0
Avoid this item 9706,0
Very happy with this item 9707,1
Terrible product item 9708,0
Complete garbage item 9709,0
Poor quality item 9710,0
I love this! item 9711,1
Great product item 9712,1
Complete garbage item 9713,0
Highly recommend item 9714,1
Very happy with this item 9715,1
Worst experience item 9716,0
Do not buy item 9717,0
Fantastic quality item 9718,1
Waste of money item 9719,0
Worst experience item 9720,0
Do not buy item 9721,0
Worst experience item 9722,0
Best purchase ever item 9723,1
Amazing experience item 9724,1
Great product item 9725,1
Poor quality item 9726,0
Excellent service item 9727,1
Highly recommend item 9728,1
Very happy with this item 9729,1
Amazing experience item 9730,1
Terrible product item 9731,0
Worst experience item 9732,0
Terrible product item 9733,0
Complete garbage item 9734,0
Terrible product item 9735,0
Excellent service item 9736,1
Very happy with this item 9737,1
Very happy with this item 9738,1
Excellent service item 9739,1
Worst experience item 9740,0
Poor quality item 9741,0
Highly recommend item 9742,1
Do not buy item 9743,0
Poor quality item 9744,0
Complete garbage item 9745,0
Avoid this item 9746,0
Fantastic quality item 9747,1
Poor quality item 9748,0
Waste of money item 9749,0
Great product item 9750,1
Best purchase ever item 9751,1
I love this! item 9752,1
Worst experience item 9753,0
Very happy with this item 9754,1
Fantastic quality item 9755,1
Excellent service item 9756,1
Do not buy item 9757,0
Very disappointed item 9758,0
Terrible product item 9759,0
Amazing experience item 9760,1
Very disappointed item 9761,0
Amazing experience item 9762,1
Fantastic quality item 9763,1
Amazing experience item 9764,1
Great product item 9765,1
Excellent service item 9766,1
I love this! item 9767,1
Do not buy item 9768,0
Fantastic quality item 9769,1
Excellent service item 9770,1
Do not buy item 9771,0
Complete garbage item 9772,0
Terrible product item 9773,0
Highly recommend item 9774,1
Do not buy item 9775,0
Waste of money item 9776,0
Terrible product item 9777,0
Great product item 9778,1
Amazing experience item 9779,1
Poor quality item 9780,0
Avoid this item 9781,0
Amazing experience item 9782,1
Fantastic quality item 9783,1
Waste of money item 9784,0
I love this! item 9785,1
Amazing experience item 9786,1
Waste of money item 9787,0
Excellent service item 9788,1
Great product item 9789,1
Very disappointed item 9790,0
Poor quality item 9791,0
Amazing experience item 9792,1
Great product item 9793,1
Do not buy item 9794,0
Very happy with this item 9795,1
Complete garbage item 9796,0
Poor quality item 9797,0
Waste of money item 9798,0
Excellent service item 9799,1
Amazing experience item 9800,1
I love this! item 9801,1
Fantastic quality item 9802,1
I love this! item 9803,1
I love this! item 9804,1
Poor quality item 9805,0
Worst experience item 9806,0
Fantastic quality item 9807,1
Fantastic quality item 9808,1
Excellent service item 9809,1
Complete garbage item 9810,0
Very disappointed item 9811,0
Do not buy item 9812,0
Avoid this item 9813,0
Waste of money item 9814,0
Terrible product item 9815,0
Fantastic quality item 9816,1
I love this! item 9817,1
Amazing experience item 9818,1
Amazing experience item 9819,1
Excellent service item 9820,1
I love this! item 9821,1
Very happy with this item 9822,1
Avoid this item 9823,0
Do not buy item 9824,0
Worst experience item 9825,0
Terrible product item 9826,0
Complete garbage item 9827,0
Amazing experience item 9828,1
Very disappointed item 9829,0
Avoid this item 9830,0
Best purchase ever item 9831,1
Complete garbage item 9832,0
I love this! item 9833,1
Terrible product item 9834,0
Best purchase ever item 9835,1
Worst experience item 9836,0
Avoid this item 9837,0
I love this! item 9838,1
Avoid this item 9839,0
I love this! item 9840,1
Very disappointed item 9841,0
Avoid this item 9842,0
Best purchase ever item 9843,1
Complete garbage item 9844,0
Amazing experience item 9845,1
Do not buy item 9846,0
I love this! item 9847,1
Do not buy item 9848,0
I love this! item 9849,1
Highly recommend item 9850,1
I love this! item 9851,1
Poor quality item 9852,0
Best purchase ever item 9853,1
I love this! item 9854,1
Complete garbage item 9855,0
Terrible product item 9856,0
Fantastic quality item 9857,1
Great product item 9858,1
I love this! item 9859,1
Avoid this item 9860,0
Highly recommend item 9861,1
Best purchase ever item 9862,1
Fantastic quality item 9863,1
Do not buy item 9864,0
Waste of money item 9865,0
I love this! item 9866,1
Very disappointed item 9867,0
Excellent service item 9868,1
Excellent service item 9869,1
Amazing experience item 9870,1
Excellent service item 9871,1
Excellent service item 9872,1
Great product item 9873,1
Very disappointed item 9874,0
Poor quality item 9875,0
Very happy with this item 9876,1
Excellent service item 9877,1
Very disappointed item 9878,0
Poor quality item 9879,0
Poor quality item 9880,0
Fantastic quality item 9881,1
Poor quality item 9882,0
Waste of money item 9883,0
Amazing experience item 9884,1
I love this! item 9885,1
I love this! item 9886,1
Avoid this item 9887,0
Very happy with this item 9888,1
Poor quality item 9889,0
Very disappointed item 9890,0
Best purchase ever item 9891,1
Complete garbage item 9892,0
Very happy with this item 9893,1
Poor quality item 9894,0
Avoid this item 9895,0
Great product item 9896,1
Excellent service item 9897,1
Best purchase ever item 9898,1
Excellent service item 9899,1
Best purchase ever item 9900,1
Fantastic quality item 9901,1
Worst experience item 9902,0
Fantastic quality item 9903,1
Great product item 9904,1
Poor quality item 9905,0
Best purchase ever item 9906,1
Avoid this item 9907,0
Avoid this item 9908,0
Very disappointed item 9909,0
Waste of money item 9910,0
Great product item 9911,1
Poor quality item 9912,0
Terrible product item 9913,0
Terrible product item 9914,0
Do not buy item 9915,0
Best purchase ever item 9916,1
Highly recommend item 9917,1
Great product item 9918,1
I love this! item 9919,1
I love this! item 9920,1
Poor quality item 9921,0
Complete garbage item 9922,0
Waste of money item 9923,0
Complete garbage item 9924,0
Poor quality item 9925,0
I love this! item 9926,1
Excellent service item 9927,1
Terrible product item 9928,0
Great product item 9929,1
Waste of money item 9930,0
Avoid this item 9931,0
Worst experience item 9932,0
Poor quality item 9933,0
Poor quality item 9934,0
Do not buy item 9935,0
Amazing experience item 9936,1
Terrible product item 9937,0
Great product item 9938,1
Great product item 9939,1
Do not buy item 9940,0
Waste of money item 9941,0
Amazing experience item 9942,1
I love this! item 9943,1
Excellent service item 9944,1
Terrible product item 9945,0
Excellent service item 9946,1
Excellent service item 9947,1
Excellent service item 9948,1
Poor quality item 9949,0
Worst experience item 9950,0
Worst experience item 9951,0
Complete garbage item 9952,0
Fantastic quality item 9953,1
Great product item 9954,1
Worst experience item 9955,0
Worst experience item 9956,0
Highly recommend item 9957,1
Best purchase ever item 9958,1
Poor quality item 9959,0
Do not buy item 9960,0
Excellent service item 9961,1
Worst experience item 9962,0
I love this! item 9963,1
Worst experience item 9964,0
Very happy with this item 9965,1
Poor quality item 9966,0
Poor quality item 9967,0
Very happy with this item 9968,1
Worst experience item 9969,0
Fantastic quality item 9970,1
Worst experience item 9971,0
Great product item 9972,1
Poor quality item 9973,0
Very happy with this item 9974,1
Excellent service item 9975,1
Avoid this item 9976,0
Best purchase ever item 9977,1
Very disappointed item 9978,0
Highly recommend item 9979,1
Very happy with this item 9980,1
Excellent service item 9981,1
Waste of money item 9982,0
Amazing experience item 9983,1
Fantastic quality item 9984,1
Terrible product item 9985,0
Very happy with this item 9986,1
Worst experience item 9987,0
Best purchase ever item 9988,1
Very happy with this item 9989,1
Complete garbage item 9990,0
Complete garbage item 9991,0
I love this! item 9992,1
Best purchase ever item 9993,1
Best purchase ever item 9994,1
Terrible product item 9995,0
Best purchase ever item 9996,1
Amazing experience item 9997,1
Worst experience item 9998,0
Do not buy item 9999,0
